"Protocolo","Execucao","Base","Algoritmo","Repeticao","Fold_Externo","id","cp","profundidade_maxima","Acuracia_Media","Sensibilidade_Media","Especificidade_Media","Precisao_Media","F1_Media","MCC_Media","ROC_AUC_Media","Brier_Media","Log_Loss_Media","Acuracia_Balanceada_Media","Posicao","Selecionada"
"cleveland_ncv_5x3_inner3_v1","cleveland_ncv_5x3_inner3_v1","Cleveland","decision_trees",1,1,"arvore_cp_0.005_profundidade_5",0.005,5,0.776851851851852,0.72972972972973,0.816420014094433,0.773115773115773,0.749624060150376,0.550688490772039,0.805706340590062,0.176782121432608,0.828266691219628,0.773074871912081,1,TRUE
"cleveland_ncv_5x3_inner3_v1","cleveland_ncv_5x3_inner3_v1","Cleveland","decision_trees",1,1,"arvore_cp_0.01_profundidade_5",0.01,5,0.776851851851852,0.72972972972973,0.816420014094433,0.773115773115773,0.749624060150376,0.550688490772039,0.805706340590062,0.176782121432608,0.828266691219628,0.773074871912081,2,FALSE
"cleveland_ncv_5x3_inner3_v1","cleveland_ncv_5x3_inner3_v1","Cleveland","decision_trees",1,1,"arvore_cp_0.02_profundidade_5",0.02,5,0.776851851851852,0.72972972972973,0.816420014094433,0.773115773115773,0.749624060150376,0.550688490772039,0.805706340590062,0.176782121432608,0.828266691219628,0.773074871912081,3,FALSE
"cleveland_ncv_5x3_inner3_v1","cleveland_ncv_5x3_inner3_v1","Cleveland","decision_trees",1,1,"arvore_cp_0.005_profundidade_3",0.005,3,0.768621399176955,0.675675675675676,0.846723044397463,0.794099807003033,0.724341689137455,0.537968948613218,0.806627716511437,0.17388270044528,0.544824221301417,0.761199360036569,4,FALSE
"cleveland_ncv_5x3_inner3_v1","cleveland_ncv_5x3_inner3_v1","Cleveland","decision_trees",1,1,"arvore_cp_0.01_profundidade_3",0.01,3,0.768621399176955,0.675675675675676,0.846723044397463,0.794099807003033,0.724341689137455,0.537968948613218,0.806627716511437,0.17388270044528,0.544824221301417,0.761199360036569,5,FALSE
"cleveland_ncv_5x3_inner3_v1","cleveland_ncv_5x3_inner3_v1","Cleveland","decision_trees",1,1,"arvore_cp_0.02_profundidade_3",0.02,3,0.768621399176955,0.675675675675676,0.846723044397463,0.794099807003033,0.724341689137455,0.537968948613218,0.806627716511437,0.17388270044528,0.544824221301417,0.761199360036569,6,FALSE
"cleveland_ncv_5x3_inner3_v1","cleveland_ncv_5x3_inner3_v1","Cleveland","decision_trees",1,2,"arvore_cp_0.005_profundidade_3",0.005,3,0.756224279835391,0.693693693693694,0.808668076109937,0.758333333333333,0.721772279202519,0.510199348291991,0.778272193969868,0.189485203698104,0.585456609057622,0.751180884901815,1,TRUE
"cleveland_ncv_5x3_inner3_v1","cleveland_ncv_5x3_inner3_v1","Cleveland","decision_trees",1,2,"arvore_cp_0.01_profundidade_3",0.01,3,0.756224279835391,0.693693693693694,0.808668076109937,0.758333333333333,0.721772279202519,0.510199348291991,0.778272193969868,0.189485203698104,0.585456609057622,0.751180884901815,2,FALSE
"cleveland_ncv_5x3_inner3_v1","cleveland_ncv_5x3_inner3_v1","Cleveland","decision_trees",1,2,"arvore_cp_0.02_profundidade_3",0.02,3,0.756224279835391,0.693693693693694,0.808668076109937,0.758333333333333,0.721772279202519,0.510199348291991,0.778272193969868,0.189485203698104,0.585456609057622,0.751180884901815,3,FALSE
"cleveland_ncv_5x3_inner3_v1","cleveland_ncv_5x3_inner3_v1","Cleveland","decision_trees",1,2,"arvore_cp_0.02_profundidade_5",0.02,5,0.743724279835391,0.693693693693694,0.785412262156448,0.741472868217054,0.712356694786935,0.487439204072942,0.775234272327296,0.194023001686757,0.594787583352183,0.739552977925071,4,FALSE
"cleveland_ncv_5x3_inner3_v1","cleveland_ncv_5x3_inner3_v1","Cleveland","decision_trees",1,2,"arvore_cp_0.005_profundidade_5",0.005,5,0.743724279835391,0.711711711711712,0.770260747004933,0.729708162334701,0.717682180036742,0.486543967955439,0.782400529493553,0.19286292539742,0.592306762629551,0.740986229358322,5,FALSE
"cleveland_ncv_5x3_inner3_v1","cleveland_ncv_5x3_inner3_v1","Cleveland","decision_trees",1,2,"arvore_cp_0.01_profundidade_5",0.01,5,0.743724279835391,0.711711711711712,0.770260747004933,0.729708162334701,0.717682180036742,0.486543967955439,0.782400529493553,0.19286292539742,0.592306762629551,0.740986229358322,6,FALSE
"cleveland_ncv_5x3_inner3_v1","cleveland_ncv_5x3_inner3_v1","Cleveland","decision_trees",1,3,"arvore_cp_0.005_profundidade_5",0.005,5,0.835390946502058,0.864864864864865,0.810606060606061,0.798484848484848,0.828267437620462,0.676310510926842,0.880323505323505,0.127686963598896,0.566420426774047,0.837735462735463,1,TRUE
"cleveland_ncv_5x3_inner3_v1","cleveland_ncv_5x3_inner3_v1","Cleveland","decision_trees",1,3,"arvore_cp_0.01_profundidade_5",0.01,5,0.835390946502058,0.864864864864865,0.810606060606061,0.798484848484848,0.828267437620462,0.676310510926842,0.880323505323505,0.127686963598896,0.566420426774047,0.837735462735463,2,FALSE
"cleveland_ncv_5x3_inner3_v1","cleveland_ncv_5x3_inner3_v1","Cleveland","decision_trees",1,3,"arvore_cp_0.005_profundidade_3",0.005,3,0.835390946502058,0.81981981981982,0.848484848484849,0.827450980392157,0.821891734844133,0.671386288508308,0.875819000819001,0.12991762899352,0.572221047212879,0.834152334152334,3,FALSE
"cleveland_ncv_5x3_inner3_v1","cleveland_ncv_5x3_inner3_v1","Cleveland","decision_trees",1,3,"arvore_cp_0.01_profundidade_3",0.01,3,0.835390946502058,0.81981981981982,0.848484848484849,0.827450980392157,0.821891734844133,0.671386288508308,0.875819000819001,0.12991762899352,0.572221047212879,0.834152334152334,4,FALSE
"cleveland_ncv_5x3_inner3_v1","cleveland_ncv_5x3_inner3_v1","Cleveland","decision_trees",1,3,"arvore_cp_0.02_profundidade_3",0.02,3,0.835390946502058,0.81981981981982,0.848484848484849,0.827450980392157,0.821891734844133,0.671386288508308,0.875819000819001,0.12991762899352,0.572221047212879,0.834152334152334,5,FALSE
"cleveland_ncv_5x3_inner3_v1","cleveland_ncv_5x3_inner3_v1","Cleveland","decision_trees",1,3,"arvore_cp_0.02_profundidade_5",0.02,5,0.831275720164609,0.837837837837838,0.825757575757576,0.806837606837607,0.820903348385027,0.663715773934244,0.879095004095004,0.130404626363634,0.572783639371014,0.831797706797707,6,FALSE
"cleveland_ncv_5x3_inner3_v1","cleveland_ncv_5x3_inner3_v1","Cleveland","decision_trees",1,4,"arvore_cp_0.005_profundidade_5",0.005,5,0.777777777777778,0.713608345187293,0.831395348837209,0.790497421103243,0.747018815083184,0.555052603470305,0.773015602115969,0.185126915600022,0.990825322633121,0.772501847012251,1,TRUE
"cleveland_ncv_5x3_inner3_v1","cleveland_ncv_5x3_inner3_v1","Cleveland","decision_trees",1,4,"arvore_cp_0.01_profundidade_5",0.01,5,0.777777777777778,0.713608345187293,0.831395348837209,0.790497421103243,0.747018815083184,0.555052603470305,0.773015602115969,0.185126915600022,0.990825322633121,0.772501847012251,2,FALSE
"cleveland_ncv_5x3_inner3_v1","cleveland_ncv_5x3_inner3_v1","Cleveland","decision_trees",1,4,"arvore_cp_0.005_profundidade_3",0.005,3,0.769547325102881,0.731626363205311,0.801092318534179,0.764923460045411,0.745164019110741,0.538299846164607,0.772401351501719,0.187406057003095,0.995727678206738,0.766359340869745,3,FALSE
"cleveland_ncv_5x3_inner3_v1","cleveland_ncv_5x3_inner3_v1","Cleveland","decision_trees",1,4,"arvore_cp_0.01_profundidade_3",0.01,3,0.769547325102881,0.731626363205311,0.801092318534179,0.764923460045411,0.745164019110741,0.538299846164607,0.772401351501719,0.187406057003095,0.995727678206738,0.766359340869745,4,FALSE
"cleveland_ncv_5x3_inner3_v1","cleveland_ncv_5x3_inner3_v1","Cleveland","decision_trees",1,4,"arvore_cp_0.02_profundidade_5",0.02,5,0.765432098765432,0.677572309151257,0.838971106412967,0.792719643325466,0.724069047790615,0.53313554772911,0.754383333483701,0.190342606676316,1.00157727507865,0.758271707782112,5,FALSE
"cleveland_ncv_5x3_inner3_v1","cleveland_ncv_5x3_inner3_v1","Cleveland","decision_trees",1,4,"arvore_cp_0.02_profundidade_3",0.02,3,0.757201646090535,0.695590327169274,0.808668076109937,0.767145682267633,0.722214251818172,0.516382790423412,0.75376908286945,0.192621748079389,1.00647963065227,0.752129201639606,6,FALSE
"cleveland_ncv_5x3_inner3_v1","cleveland_ncv_5x3_inner3_v1","Cleveland","decision_trees",1,5,"arvore_cp_0.005_profundidade_3",0.005,3,0.773045267489712,0.747747747747748,0.795102184637068,0.785828698553949,0.755373204663266,0.559146854408117,0.832142925166181,0.16884777837682,0.525677857835641,0.771424966192408,1,TRUE
"cleveland_ncv_5x3_inner3_v1","cleveland_ncv_5x3_inner3_v1","Cleveland","decision_trees",1,5,"arvore_cp_0.005_profundidade_5",0.005,5,0.773045267489712,0.747747747747748,0.795102184637068,0.785828698553949,0.755373204663266,0.559146854408117,0.832142925166181,0.16884777837682,0.525677857835641,0.771424966192408,2,FALSE
"cleveland_ncv_5x3_inner3_v1","cleveland_ncv_5x3_inner3_v1","Cleveland","decision_trees",1,5,"arvore_cp_0.01_profundidade_3",0.01,3,0.773045267489712,0.747747747747748,0.795102184637068,0.785828698553949,0.755373204663266,0.559146854408117,0.832142925166181,0.16884777837682,0.525677857835641,0.771424966192408,3,FALSE
"cleveland_ncv_5x3_inner3_v1","cleveland_ncv_5x3_inner3_v1","Cleveland","decision_trees",1,5,"arvore_cp_0.01_profundidade_5",0.01,5,0.773045267489712,0.747747747747748,0.795102184637068,0.785828698553949,0.755373204663266,0.559146854408117,0.832142925166181,0.16884777837682,0.525677857835641,0.771424966192408,4,FALSE
"cleveland_ncv_5x3_inner3_v1","cleveland_ncv_5x3_inner3_v1","Cleveland","decision_trees",1,5,"arvore_cp_0.02_profundidade_3",0.02,3,0.773045267489712,0.747747747747748,0.795102184637068,0.785828698553949,0.755373204663266,0.559146854408117,0.832142925166181,0.16884777837682,0.525677857835641,0.771424966192408,5,FALSE
"cleveland_ncv_5x3_inner3_v1","cleveland_ncv_5x3_inner3_v1","Cleveland","decision_trees",1,5,"arvore_cp_0.02_profundidade_5",0.02,5,0.773045267489712,0.747747747747748,0.795102184637068,0.785828698553949,0.755373204663266,0.559146854408117,0.832142925166181,0.16884777837682,0.525677857835641,0.771424966192408,6,FALSE
"cleveland_ncv_5x3_inner3_v1","cleveland_ncv_5x3_inner3_v1","Cleveland","decision_trees",2,1,"arvore_cp_0.005_profundidade_5",0.005,5,0.786008230452675,0.778093883357041,0.794397463002114,0.766761202495746,0.76691804927099,0.576851464053317,0.836680134568751,0.168052089132065,0.547216112956368,0.786245673179578,1,TRUE
"cleveland_ncv_5x3_inner3_v1","cleveland_ncv_5x3_inner3_v1","Cleveland","decision_trees",2,1,"arvore_cp_0.01_profundidade_5",0.01,5,0.786008230452675,0.778093883357041,0.794397463002114,0.766761202495746,0.76691804927099,0.576851464053317,0.836680134568751,0.168052089132065,0.547216112956368,0.786245673179578,2,FALSE
"cleveland_ncv_5x3_inner3_v1","cleveland_ncv_5x3_inner3_v1","Cleveland","decision_trees",2,1,"arvore_cp_0.005_profundidade_3",0.005,3,0.786008230452675,0.760075865339023,0.809548978153629,0.775989943431804,0.763222045574987,0.57473091984891,0.832994630883248,0.169507815455516,0.552222628621614,0.784812421746326,3,FALSE
"cleveland_ncv_5x3_inner3_v1","cleveland_ncv_5x3_inner3_v1","Cleveland","decision_trees",2,1,"arvore_cp_0.01_profundidade_3",0.01,3,0.786008230452675,0.760075865339023,0.809548978153629,0.775989943431804,0.763222045574987,0.57473091984891,0.832994630883248,0.169507815455516,0.552222628621614,0.784812421746326,4,FALSE
"cleveland_ncv_5x3_inner3_v1","cleveland_ncv_5x3_inner3_v1","Cleveland","decision_trees",2,1,"arvore_cp_0.02_profundidade_3",0.02,3,0.786008230452675,0.760075865339023,0.809548978153629,0.775989943431804,0.763222045574987,0.57473091984891,0.832994630883248,0.169507815455516,0.552222628621614,0.784812421746326,5,FALSE
"cleveland_ncv_5x3_inner3_v1","cleveland_ncv_5x3_inner3_v1","Cleveland","decision_trees",2,1,"arvore_cp_0.02_profundidade_5",0.02,5,0.786008230452675,0.760075865339023,0.809548978153629,0.775989943431804,0.763222045574987,0.57473091984891,0.832994630883248,0.169507815455516,0.552222628621614,0.784812421746326,6,FALSE
"cleveland_ncv_5x3_inner3_v1","cleveland_ncv_5x3_inner3_v1","Cleveland","decision_trees",2,2,"arvore_cp_0.005_profundidade_3",0.005,3,0.776800411522634,0.684684684684685,0.855003523608175,0.798292220113852,0.736596635711253,0.550490604784243,0.816343827971735,0.172574490678759,0.538558894750917,0.76984410414643,1,TRUE
"cleveland_ncv_5x3_inner3_v1","cleveland_ncv_5x3_inner3_v1","Cleveland","decision_trees",2,2,"arvore_cp_0.005_profundidade_5",0.005,5,0.776800411522634,0.684684684684685,0.855003523608175,0.798292220113852,0.736596635711253,0.550490604784243,0.816343827971735,0.172574490678759,0.538558894750917,0.76984410414643,2,FALSE
"cleveland_ncv_5x3_inner3_v1","cleveland_ncv_5x3_inner3_v1","Cleveland","decision_trees",2,2,"arvore_cp_0.01_profundidade_3",0.01,3,0.776800411522634,0.684684684684685,0.855003523608175,0.798292220113852,0.736596635711253,0.550490604784243,0.816343827971735,0.172574490678759,0.538558894750917,0.76984410414643,3,FALSE
"cleveland_ncv_5x3_inner3_v1","cleveland_ncv_5x3_inner3_v1","Cleveland","decision_trees",2,2,"arvore_cp_0.01_profundidade_5",0.01,5,0.776800411522634,0.684684684684685,0.855003523608175,0.798292220113852,0.736596635711253,0.550490604784243,0.816343827971735,0.172574490678759,0.538558894750917,0.76984410414643,4,FALSE
"cleveland_ncv_5x3_inner3_v1","cleveland_ncv_5x3_inner3_v1","Cleveland","decision_trees",2,2,"arvore_cp_0.02_profundidade_3",0.02,3,0.776800411522634,0.684684684684685,0.855003523608175,0.798292220113852,0.736596635711253,0.550490604784243,0.816343827971735,0.172574490678759,0.538558894750917,0.76984410414643,5,FALSE
"cleveland_ncv_5x3_inner3_v1","cleveland_ncv_5x3_inner3_v1","Cleveland","decision_trees",2,2,"arvore_cp_0.02_profundidade_5",0.02,5,0.776800411522634,0.684684684684685,0.855003523608175,0.798292220113852,0.736596635711253,0.550490604784243,0.816343827971735,0.172574490678759,0.538558894750917,0.76984410414643,6,FALSE
"cleveland_ncv_5x3_inner3_v1","cleveland_ncv_5x3_inner3_v1","Cleveland","decision_trees",2,3,"arvore_cp_0.005_profundidade_3",0.005,3,0.768724279835391,0.72972972972973,0.801444679351656,0.759919028340081,0.741963864886096,0.535762309419759,0.818736548387711,0.18272739793925,0.565468247203841,0.765587204540693,1,TRUE
"cleveland_ncv_5x3_inner3_v1","cleveland_ncv_5x3_inner3_v1","Cleveland","decision_trees",2,3,"arvore_cp_0.005_profundidade_5",0.005,5,0.768724279835391,0.72972972972973,0.801444679351656,0.759919028340081,0.741963864886096,0.535762309419759,0.818736548387711,0.18272739793925,0.565468247203841,0.765587204540693,2,FALSE
"cleveland_ncv_5x3_inner3_v1","cleveland_ncv_5x3_inner3_v1","Cleveland","decision_trees",2,3,"arvore_cp_0.01_profundidade_3",0.01,3,0.768724279835391,0.72972972972973,0.801444679351656,0.759919028340081,0.741963864886096,0.535762309419759,0.818736548387711,0.18272739793925,0.565468247203841,0.765587204540693,3,FALSE
"cleveland_ncv_5x3_inner3_v1","cleveland_ncv_5x3_inner3_v1","Cleveland","decision_trees",2,3,"arvore_cp_0.01_profundidade_5",0.01,5,0.768724279835391,0.72972972972973,0.801444679351656,0.759919028340081,0.741963864886096,0.535762309419759,0.818736548387711,0.18272739793925,0.565468247203841,0.765587204540693,4,FALSE
"cleveland_ncv_5x3_inner3_v1","cleveland_ncv_5x3_inner3_v1","Cleveland","decision_trees",2,3,"arvore_cp_0.02_profundidade_3",0.02,3,0.768724279835391,0.72972972972973,0.801444679351656,0.759919028340081,0.741963864886096,0.535762309419759,0.818736548387711,0.18272739793925,0.565468247203841,0.765587204540693,5,FALSE
"cleveland_ncv_5x3_inner3_v1","cleveland_ncv_5x3_inner3_v1","Cleveland","decision_trees",2,3,"arvore_cp_0.02_profundidade_5",0.02,5,0.768724279835391,0.72972972972973,0.801444679351656,0.759919028340081,0.741963864886096,0.535762309419759,0.818736548387711,0.18272739793925,0.565468247203841,0.765587204540693,6,FALSE
"cleveland_ncv_5x3_inner3_v1","cleveland_ncv_5x3_inner3_v1","Cleveland","decision_trees",2,4,"arvore_cp_0.02_profundidade_5",0.02,5,0.765432098765432,0.72972972972973,0.795454545454545,0.752782193958665,0.740768937952037,0.527271357018547,0.79473791973792,0.184561835879696,0.571931683445639,0.762592137592138,1,TRUE
"cleveland_ncv_5x3_inner3_v1","cleveland_ncv_5x3_inner3_v1","Cleveland","decision_trees",2,4,"arvore_cp_0.005_profundidade_5",0.005,5,0.753086419753086,0.738738738738739,0.765151515151515,0.732833674010145,0.734382804983625,0.505581104654799,0.792280917280917,0.189543311686921,0.597455381285537,0.751945126945127,2,FALSE
"cleveland_ncv_5x3_inner3_v1","cleveland_ncv_5x3_inner3_v1","Cleveland","decision_trees",2,4,"arvore_cp_0.01_profundidade_5",0.01,5,0.753086419753086,0.738738738738739,0.765151515151515,0.732833674010145,0.734382804983625,0.505581104654799,0.792280917280917,0.189543311686921,0.597455381285537,0.751945126945127,3,FALSE
"cleveland_ncv_5x3_inner3_v1","cleveland_ncv_5x3_inner3_v1","Cleveland","decision_trees",2,4,"arvore_cp_0.005_profundidade_3",0.005,3,0.748971193415638,0.756756756756757,0.742424242424242,0.710892710892711,0.731842954065176,0.499180999180999,0.787981162981163,0.192069934889626,0.588226699910594,0.7495904995905,4,FALSE
"cleveland_ncv_5x3_inner3_v1","cleveland_ncv_5x3_inner3_v1","Cleveland","decision_trees",2,4,"arvore_cp_0.01_profundidade_3",0.01,3,0.748971193415638,0.756756756756757,0.742424242424242,0.710892710892711,0.731842954065176,0.499180999180999,0.787981162981163,0.192069934889626,0.588226699910594,0.7495904995905,5,FALSE
"cleveland_ncv_5x3_inner3_v1","cleveland_ncv_5x3_inner3_v1","Cleveland","decision_trees",2,4,"arvore_cp_0.02_profundidade_3",0.02,3,0.748971193415638,0.756756756756757,0.742424242424242,0.710892710892711,0.731842954065176,0.499180999180999,0.787981162981163,0.192069934889626,0.588226699910594,0.7495904995905,6,FALSE
"cleveland_ncv_5x3_inner3_v1","cleveland_ncv_5x3_inner3_v1","Cleveland","decision_trees",2,5,"arvore_cp_0.005_profundidade_3",0.005,3,0.776851851851852,0.711711711711712,0.832100070472163,0.78369571917959,0.744969339086986,0.55058545939801,0.777431765803859,0.181747086451165,0.569573488260159,0.771905891091938,1,TRUE
"cleveland_ncv_5x3_inner3_v1","cleveland_ncv_5x3_inner3_v1","Cleveland","decision_trees",2,5,"arvore_cp_0.005_profundidade_5",0.005,5,0.776851851851852,0.711711711711712,0.832100070472163,0.78369571917959,0.744969339086986,0.55058545939801,0.777431765803859,0.181747086451165,0.569573488260159,0.771905891091938,2,FALSE
"cleveland_ncv_5x3_inner3_v1","cleveland_ncv_5x3_inner3_v1","Cleveland","decision_trees",2,5,"arvore_cp_0.01_profundidade_3",0.01,3,0.776851851851852,0.711711711711712,0.832100070472163,0.78369571917959,0.744969339086986,0.55058545939801,0.777431765803859,0.181747086451165,0.569573488260159,0.771905891091938,3,FALSE
"cleveland_ncv_5x3_inner3_v1","cleveland_ncv_5x3_inner3_v1","Cleveland","decision_trees",2,5,"arvore_cp_0.01_profundidade_5",0.01,5,0.776851851851852,0.711711711711712,0.832100070472163,0.78369571917959,0.744969339086986,0.55058545939801,0.777431765803859,0.181747086451165,0.569573488260159,0.771905891091938,4,FALSE
"cleveland_ncv_5x3_inner3_v1","cleveland_ncv_5x3_inner3_v1","Cleveland","decision_trees",2,5,"arvore_cp_0.02_profundidade_3",0.02,3,0.776851851851852,0.711711711711712,0.832100070472163,0.78369571917959,0.744969339086986,0.55058545939801,0.777431765803859,0.181747086451165,0.569573488260159,0.771905891091938,5,FALSE
"cleveland_ncv_5x3_inner3_v1","cleveland_ncv_5x3_inner3_v1","Cleveland","decision_trees",2,5,"arvore_cp_0.02_profundidade_5",0.02,5,0.776851851851852,0.711711711711712,0.832100070472163,0.78369571917959,0.744969339086986,0.55058545939801,0.777431765803859,0.181747086451165,0.569573488260159,0.771905891091938,6,FALSE
"cleveland_ncv_5x3_inner3_v1","cleveland_ncv_5x3_inner3_v1","Cleveland","decision_trees",3,1,"arvore_cp_0.005_profundidade_3",0.005,3,0.768724279835391,0.720720720720721,0.809020436927414,0.761460761460761,0.739348370927318,0.53378039103242,0.789262042169019,0.187596757675689,0.617536527701934,0.764870578824067,1,TRUE
"cleveland_ncv_5x3_inner3_v1","cleveland_ncv_5x3_inner3_v1","Cleveland","decision_trees",3,1,"arvore_cp_0.01_profundidade_3",0.01,3,0.768724279835391,0.720720720720721,0.809020436927414,0.761460761460761,0.739348370927318,0.53378039103242,0.789262042169019,0.187596757675689,0.617536527701934,0.764870578824067,2,FALSE
"cleveland_ncv_5x3_inner3_v1","cleveland_ncv_5x3_inner3_v1","Cleveland","decision_trees",3,1,"arvore_cp_0.005_profundidade_5",0.005,5,0.760390946502058,0.720720720720721,0.793516560958421,0.748952944074895,0.732600732600733,0.51831534762527,0.78737643563225,0.189875403509022,0.622595440028551,0.757118640839571,3,FALSE
"cleveland_ncv_5x3_inner3_v1","cleveland_ncv_5x3_inner3_v1","Cleveland","decision_trees",3,1,"arvore_cp_0.01_profundidade_5",0.01,5,0.760390946502058,0.720720720720721,0.793516560958421,0.748952944074895,0.732600732600733,0.51831534762527,0.78737643563225,0.189875403509022,0.622595440028551,0.757118640839571,4,FALSE
"cleveland_ncv_5x3_inner3_v1","cleveland_ncv_5x3_inner3_v1","Cleveland","decision_trees",3,1,"arvore_cp_0.02_profundidade_5",0.02,5,0.760390946502058,0.720720720720721,0.793516560958421,0.748952944074895,0.732600732600733,0.51831534762527,0.78737643563225,0.189875403509022,0.622595440028551,0.757118640839571,5,FALSE
"cleveland_ncv_5x3_inner3_v1","cleveland_ncv_5x3_inner3_v1","Cleveland","decision_trees",3,1,"arvore_cp_0.02_profundidade_3",0.02,3,0.752057613168724,0.72972972972973,0.770260747004933,0.734680134680135,0.728222996515679,0.505397030515743,0.773862922118736,0.194052052127756,0.630304018312148,0.749995238367331,6,FALSE
"cleveland_ncv_5x3_inner3_v1","cleveland_ncv_5x3_inner3_v1","Cleveland","decision_trees",3,2,"arvore_cp_0.005_profundidade_5",0.005,5,0.744855967078189,0.767425320056899,0.724101479915433,0.714501924800928,0.733070280780008,0.498768872441971,0.802142509149853,0.203003143336335,0.92768732938599,0.745763399986166,1,TRUE
"cleveland_ncv_5x3_inner3_v1","cleveland_ncv_5x3_inner3_v1","Cleveland","decision_trees",3,2,"arvore_cp_0.01_profundidade_5",0.01,5,0.744855967078189,0.767425320056899,0.724101479915433,0.714501924800928,0.733070280780008,0.498768872441971,0.802142509149853,0.203003143336335,0.92768732938599,0.745763399986166,2,FALSE
"cleveland_ncv_5x3_inner3_v1","cleveland_ncv_5x3_inner3_v1","Cleveland","decision_trees",3,2,"arvore_cp_0.02_profundidade_5",0.02,5,0.728395061728395,0.704836415362731,0.747181113460183,0.712876830318691,0.696319705049707,0.462811429646704,0.763334075145581,0.21302676960027,0.941839795939602,0.726008764411457,3,FALSE
"cleveland_ncv_5x3_inner3_v1","cleveland_ncv_5x3_inner3_v1","Cleveland","decision_trees",3,2,"arvore_cp_0.005_profundidade_3",0.005,3,0.720164609053498,0.71384542437174,0.725158562367865,0.701458632233381,0.691447049872034,0.454391125051928,0.765361653519548,0.211754368427501,0.928081314113672,0.719501993369802,4,FALSE
"cleveland_ncv_5x3_inner3_v1","cleveland_ncv_5x3_inner3_v1","Cleveland","decision_trees",3,2,"arvore_cp_0.01_profundidade_3",0.01,3,0.720164609053498,0.71384542437174,0.725158562367865,0.701458632233381,0.691447049872034,0.454391125051928,0.765361653519548,0.211754368427501,0.928081314113672,0.719501993369802,5,FALSE
"cleveland_ncv_5x3_inner3_v1","cleveland_ncv_5x3_inner3_v1","Cleveland","decision_trees",3,2,"arvore_cp_0.02_profundidade_3",0.02,3,0.720164609053498,0.71384542437174,0.725158562367865,0.701458632233381,0.691447049872034,0.454391125051928,0.765361653519548,0.211754368427501,0.928081314113672,0.719501993369802,6,FALSE
"cleveland_ncv_5x3_inner3_v1","cleveland_ncv_5x3_inner3_v1","Cleveland","decision_trees",3,3,"arvore_cp_0.01_profundidade_5",0.01,5,0.789094650205761,0.72972972972973,0.838794926004228,0.806883468834688,0.75839499038792,0.582407332594685,0.826231358208102,0.166916949543104,0.536564530551069,0.784262327866979,1,TRUE
"cleveland_ncv_5x3_inner3_v1","cleveland_ncv_5x3_inner3_v1","Cleveland","decision_trees",3,3,"arvore_cp_0.005_profundidade_3",0.005,3,0.780864197530864,0.738738738738739,0.816067653276956,0.777917951593309,0.754159082926206,0.561252026776816,0.822648229624974,0.171788687327761,0.548891227777974,0.777403196007847,2,FALSE
"cleveland_ncv_5x3_inner3_v1","cleveland_ncv_5x3_inner3_v1","Cleveland","decision_trees",3,3,"arvore_cp_0.01_profundidade_3",0.01,3,0.780864197530864,0.738738738738739,0.816067653276956,0.777917951593309,0.754159082926206,0.561252026776816,0.822648229624974,0.171788687327761,0.548891227777974,0.777403196007847,3,FALSE
"cleveland_ncv_5x3_inner3_v1","cleveland_ncv_5x3_inner3_v1","Cleveland","decision_trees",3,3,"arvore_cp_0.02_profundidade_3",0.02,3,0.780864197530864,0.738738738738739,0.816067653276956,0.777917951593309,0.754159082926206,0.561252026776816,0.822648229624974,0.171788687327761,0.548891227777974,0.777403196007847,4,FALSE
"cleveland_ncv_5x3_inner3_v1","cleveland_ncv_5x3_inner3_v1","Cleveland","decision_trees",3,3,"arvore_cp_0.02_profundidade_5",0.02,5,0.780864197530864,0.738738738738739,0.816067653276956,0.777917951593309,0.754159082926206,0.561252026776816,0.822648229624974,0.171788687327761,0.548891227777974,0.777403196007847,5,FALSE
"cleveland_ncv_5x3_inner3_v1","cleveland_ncv_5x3_inner3_v1","Cleveland","decision_trees",3,3,"arvore_cp_0.005_profundidade_5",0.005,5,0.772633744855967,0.747747747747748,0.793340380549683,0.755974377925597,0.750407279174402,0.543263109683116,0.820600727577472,0.172808790766804,0.832388192642721,0.770544064148715,6,FALSE
"cleveland_ncv_5x3_inner3_v1","cleveland_ncv_5x3_inner3_v1","Cleveland","decision_trees",3,4,"arvore_cp_0.005_profundidade_3",0.005,3,0.764043209876543,0.711711711711712,0.808491895701198,0.758714596949891,0.734323750723519,0.523553208984569,0.819077005123517,0.176976511601014,0.698779013956331,0.760101803706455,1,TRUE
"cleveland_ncv_5x3_inner3_v1","cleveland_ncv_5x3_inner3_v1","Cleveland","decision_trees",3,4,"arvore_cp_0.005_profundidade_5",0.005,5,0.764043209876543,0.711711711711712,0.808491895701198,0.758714596949891,0.734323750723519,0.523553208984569,0.819077005123517,0.176976511601014,0.698779013956331,0.760101803706455,2,FALSE
"cleveland_ncv_5x3_inner3_v1","cleveland_ncv_5x3_inner3_v1","Cleveland","decision_trees",3,4,"arvore_cp_0.01_profundidade_3",0.01,3,0.764043209876543,0.711711711711712,0.808491895701198,0.758714596949891,0.734323750723519,0.523553208984569,0.819077005123517,0.176976511601014,0.698779013956331,0.760101803706455,3,FALSE
"cleveland_ncv_5x3_inner3_v1","cleveland_ncv_5x3_inner3_v1","Cleveland","decision_trees",3,4,"arvore_cp_0.01_profundidade_5",0.01,5,0.764043209876543,0.711711711711712,0.808491895701198,0.758714596949891,0.734323750723519,0.523553208984569,0.819077005123517,0.176976511601014,0.698779013956331,0.760101803706455,4,FALSE
"cleveland_ncv_5x3_inner3_v1","cleveland_ncv_5x3_inner3_v1","Cleveland","decision_trees",3,4,"arvore_cp_0.02_profundidade_3",0.02,3,0.764043209876543,0.711711711711712,0.808491895701198,0.758714596949891,0.734323750723519,0.523553208984569,0.819077005123517,0.176976511601014,0.698779013956331,0.760101803706455,5,FALSE
"cleveland_ncv_5x3_inner3_v1","cleveland_ncv_5x3_inner3_v1","Cleveland","decision_trees",3,4,"arvore_cp_0.02_profundidade_5",0.02,5,0.764043209876543,0.711711711711712,0.808491895701198,0.758714596949891,0.734323750723519,0.523553208984569,0.819077005123517,0.176976511601014,0.698779013956331,0.760101803706455,6,FALSE
"cleveland_ncv_5x3_inner3_v1","cleveland_ncv_5x3_inner3_v1","Cleveland","decision_trees",3,5,"arvore_cp_0.005_profundidade_3",0.005,3,0.781893004115226,0.693693693693694,0.856060606060606,0.802612821766048,0.744066902123168,0.560397317750367,0.803849303849304,0.174214238170707,0.952011753572889,0.77487714987715,1,TRUE
"cleveland_ncv_5x3_inner3_v1","cleveland_ncv_5x3_inner3_v1","Cleveland","decision_trees",3,5,"arvore_cp_0.01_profundidade_3",0.01,3,0.781893004115226,0.693693693693694,0.856060606060606,0.802612821766048,0.744066902123168,0.560397317750367,0.803849303849304,0.174214238170707,0.952011753572889,0.77487714987715,2,FALSE
"cleveland_ncv_5x3_inner3_v1","cleveland_ncv_5x3_inner3_v1","Cleveland","decision_trees",3,5,"arvore_cp_0.02_profundidade_3",0.02,3,0.781893004115226,0.693693693693694,0.856060606060606,0.802612821766048,0.744066902123168,0.560397317750367,0.803849303849304,0.174214238170707,0.952011753572889,0.77487714987715,3,FALSE
"cleveland_ncv_5x3_inner3_v1","cleveland_ncv_5x3_inner3_v1","Cleveland","decision_trees",3,5,"arvore_cp_0.005_profundidade_5",0.005,5,0.773662551440329,0.702702702702703,0.833333333333333,0.780185786435786,0.739164941338854,0.542817252074953,0.804463554463554,0.174622544505076,0.951504210275634,0.768018018018018,4,FALSE
"cleveland_ncv_5x3_inner3_v1","cleveland_ncv_5x3_inner3_v1","Cleveland","decision_trees",3,5,"arvore_cp_0.01_profundidade_5",0.01,5,0.773662551440329,0.702702702702703,0.833333333333333,0.780185786435786,0.739164941338854,0.542817252074953,0.804463554463554,0.174622544505076,0.951504210275634,0.768018018018018,5,FALSE
"cleveland_ncv_5x3_inner3_v1","cleveland_ncv_5x3_inner3_v1","Cleveland","decision_trees",3,5,"arvore_cp_0.02_profundidade_5",0.02,5,0.773662551440329,0.702702702702703,0.833333333333333,0.780185786435786,0.739164941338854,0.542817252074953,0.804463554463554,0.174622544505076,0.951504210275634,0.768018018018018,6,FALSE
