"Protocolo","Execucao","Base","Algoritmo","Repeticao","Fold_Externo","Fold_Interno","Semente","Configuracao","cp","profundidade_maxima","Acuracia","Sensibilidade","Especificidade","Precisao","F1","MCC","ROC_AUC","Brier","Log_Loss","Acuracia_Balanceada","VP","VN","FP","FN","Precisao_Denominador_Zero","MCC_Denominador_Zero"
"cleveland_ncv_5x3_inner3_v1","cleveland_ncv_5x3_inner3_v1","Cleveland","decision_trees",1,1,1,12110101,"arvore_cp_0.005_profundidade_3",0.005,3,0.775,0.783783783783784,0.767441860465116,0.743589743589744,0.763157894736842,0.549844989246108,0.785669390320553,0.185354045069704,0.590679537127085,0.77561282212445,29,33,10,8,0,0
"cleveland_ncv_5x3_inner3_v1","cleveland_ncv_5x3_inner3_v1","Cleveland","decision_trees",1,1,2,12110102,"arvore_cp_0.005_profundidade_3",0.005,3,0.728395061728395,0.540540540540541,0.886363636363636,0.8,0.645161290322581,0.460355765335279,0.80036855036855,0.18515886919654,0.570938591268357,0.713452088452089,20,39,5,17,0,0
"cleveland_ncv_5x3_inner3_v1","cleveland_ncv_5x3_inner3_v1","Cleveland","decision_trees",1,1,3,12110103,"arvore_cp_0.005_profundidade_3",0.005,3,0.802469135802469,0.702702702702703,0.886363636363636,0.838709677419355,0.764705882352941,0.603706091258267,0.833845208845209,0.151135187069595,0.472854535508808,0.79453316953317,26,39,5,11,0,0
"cleveland_ncv_5x3_inner3_v1","cleveland_ncv_5x3_inner3_v1","Cleveland","decision_trees",1,1,1,12110201,"arvore_cp_0.01_profundidade_3",0.01,3,0.775,0.783783783783784,0.767441860465116,0.743589743589744,0.763157894736842,0.549844989246108,0.785669390320553,0.185354045069704,0.590679537127085,0.77561282212445,29,33,10,8,0,0
"cleveland_ncv_5x3_inner3_v1","cleveland_ncv_5x3_inner3_v1","Cleveland","decision_trees",1,1,2,12110202,"arvore_cp_0.01_profundidade_3",0.01,3,0.728395061728395,0.540540540540541,0.886363636363636,0.8,0.645161290322581,0.460355765335279,0.80036855036855,0.18515886919654,0.570938591268357,0.713452088452089,20,39,5,17,0,0
"cleveland_ncv_5x3_inner3_v1","cleveland_ncv_5x3_inner3_v1","Cleveland","decision_trees",1,1,3,12110203,"arvore_cp_0.01_profundidade_3",0.01,3,0.802469135802469,0.702702702702703,0.886363636363636,0.838709677419355,0.764705882352941,0.603706091258267,0.833845208845209,0.151135187069595,0.472854535508808,0.79453316953317,26,39,5,11,0,0
"cleveland_ncv_5x3_inner3_v1","cleveland_ncv_5x3_inner3_v1","Cleveland","decision_trees",1,1,1,12110301,"arvore_cp_0.02_profundidade_3",0.02,3,0.775,0.783783783783784,0.767441860465116,0.743589743589744,0.763157894736842,0.549844989246108,0.785669390320553,0.185354045069704,0.590679537127085,0.77561282212445,29,33,10,8,0,0
"cleveland_ncv_5x3_inner3_v1","cleveland_ncv_5x3_inner3_v1","Cleveland","decision_trees",1,1,2,12110302,"arvore_cp_0.02_profundidade_3",0.02,3,0.728395061728395,0.540540540540541,0.886363636363636,0.8,0.645161290322581,0.460355765335279,0.80036855036855,0.18515886919654,0.570938591268357,0.713452088452089,20,39,5,17,0,0
"cleveland_ncv_5x3_inner3_v1","cleveland_ncv_5x3_inner3_v1","Cleveland","decision_trees",1,1,3,12110303,"arvore_cp_0.02_profundidade_3",0.02,3,0.802469135802469,0.702702702702703,0.886363636363636,0.838709677419355,0.764705882352941,0.603706091258267,0.833845208845209,0.151135187069595,0.472854535508808,0.79453316953317,26,39,5,11,0,0
"cleveland_ncv_5x3_inner3_v1","cleveland_ncv_5x3_inner3_v1","Cleveland","decision_trees",1,1,1,12110401,"arvore_cp_0.005_profundidade_5",0.005,5,0.775,0.783783783783784,0.767441860465116,0.743589743589744,0.763157894736842,0.549844989246108,0.785669390320553,0.185354045069704,0.590679537127085,0.77561282212445,29,33,10,8,0,0
"cleveland_ncv_5x3_inner3_v1","cleveland_ncv_5x3_inner3_v1","Cleveland","decision_trees",1,1,2,12110402,"arvore_cp_0.005_profundidade_5",0.005,5,0.753086419753086,0.675675675675676,0.818181818181818,0.757575757575758,0.714285714285714,0.500669643157225,0.800061425061425,0.187668759093372,0.578636733191284,0.746928746928747,25,36,8,12,0,0
"cleveland_ncv_5x3_inner3_v1","cleveland_ncv_5x3_inner3_v1","Cleveland","decision_trees",1,1,3,12110403,"arvore_cp_0.005_profundidade_5",0.005,5,0.802469135802469,0.72972972972973,0.863636363636364,0.818181818181818,0.771428571428571,0.601550839912785,0.831388206388206,0.157323560134749,1.31548380334052,0.796683046683047,27,38,6,10,0,0
"cleveland_ncv_5x3_inner3_v1","cleveland_ncv_5x3_inner3_v1","Cleveland","decision_trees",1,1,1,12110501,"arvore_cp_0.01_profundidade_5",0.01,5,0.775,0.783783783783784,0.767441860465116,0.743589743589744,0.763157894736842,0.549844989246108,0.785669390320553,0.185354045069704,0.590679537127085,0.77561282212445,29,33,10,8,0,0
"cleveland_ncv_5x3_inner3_v1","cleveland_ncv_5x3_inner3_v1","Cleveland","decision_trees",1,1,2,12110502,"arvore_cp_0.01_profundidade_5",0.01,5,0.753086419753086,0.675675675675676,0.818181818181818,0.757575757575758,0.714285714285714,0.500669643157225,0.800061425061425,0.187668759093372,0.578636733191284,0.746928746928747,25,36,8,12,0,0
"cleveland_ncv_5x3_inner3_v1","cleveland_ncv_5x3_inner3_v1","Cleveland","decision_trees",1,1,3,12110503,"arvore_cp_0.01_profundidade_5",0.01,5,0.802469135802469,0.72972972972973,0.863636363636364,0.818181818181818,0.771428571428571,0.601550839912785,0.831388206388206,0.157323560134749,1.31548380334052,0.796683046683047,27,38,6,10,0,0
"cleveland_ncv_5x3_inner3_v1","cleveland_ncv_5x3_inner3_v1","Cleveland","decision_trees",1,1,1,12110601,"arvore_cp_0.02_profundidade_5",0.02,5,0.775,0.783783783783784,0.767441860465116,0.743589743589744,0.763157894736842,0.549844989246108,0.785669390320553,0.185354045069704,0.590679537127085,0.77561282212445,29,33,10,8,0,0
"cleveland_ncv_5x3_inner3_v1","cleveland_ncv_5x3_inner3_v1","Cleveland","decision_trees",1,1,2,12110602,"arvore_cp_0.02_profundidade_5",0.02,5,0.753086419753086,0.675675675675676,0.818181818181818,0.757575757575758,0.714285714285714,0.500669643157225,0.800061425061425,0.187668759093372,0.578636733191284,0.746928746928747,25,36,8,12,0,0
"cleveland_ncv_5x3_inner3_v1","cleveland_ncv_5x3_inner3_v1","Cleveland","decision_trees",1,1,3,12110603,"arvore_cp_0.02_profundidade_5",0.02,5,0.802469135802469,0.72972972972973,0.863636363636364,0.818181818181818,0.771428571428571,0.601550839912785,0.831388206388206,0.157323560134749,1.31548380334052,0.796683046683047,27,38,6,10,0,0
"cleveland_ncv_5x3_inner3_v1","cleveland_ncv_5x3_inner3_v1","Cleveland","decision_trees",1,2,1,12120101,"arvore_cp_0.005_profundidade_3",0.005,3,0.7625,0.783783783783784,0.744186046511628,0.725,0.753246753246753,0.526482821092095,0.813010685103708,0.184079362750691,0.57594680524632,0.763984915147706,29,32,11,8,0,0
"cleveland_ncv_5x3_inner3_v1","cleveland_ncv_5x3_inner3_v1","Cleveland","decision_trees",1,2,2,12120102,"arvore_cp_0.005_profundidade_3",0.005,3,0.740740740740741,0.648648648648649,0.818181818181818,0.75,0.695652173913043,0.475678325265102,0.733722358722359,0.207449505229064,0.638296339293916,0.733415233415234,24,36,8,13,0,0
"cleveland_ncv_5x3_inner3_v1","cleveland_ncv_5x3_inner3_v1","Cleveland","decision_trees",1,2,3,12120103,"arvore_cp_0.005_profundidade_3",0.005,3,0.765432098765432,0.648648648648649,0.863636363636364,0.8,0.716417910447761,0.528436898518777,0.788083538083538,0.176926743114557,0.542126682632631,0.756142506142506,24,38,6,13,0,0
"cleveland_ncv_5x3_inner3_v1","cleveland_ncv_5x3_inner3_v1","Cleveland","decision_trees",1,2,1,12120201,"arvore_cp_0.01_profundidade_3",0.01,3,0.7625,0.783783783783784,0.744186046511628,0.725,0.753246753246753,0.526482821092095,0.813010685103708,0.184079362750691,0.57594680524632,0.763984915147706,29,32,11,8,0,0
"cleveland_ncv_5x3_inner3_v1","cleveland_ncv_5x3_inner3_v1","Cleveland","decision_trees",1,2,2,12120202,"arvore_cp_0.01_profundidade_3",0.01,3,0.740740740740741,0.648648648648649,0.818181818181818,0.75,0.695652173913043,0.475678325265102,0.733722358722359,0.207449505229064,0.638296339293916,0.733415233415234,24,36,8,13,0,0
"cleveland_ncv_5x3_inner3_v1","cleveland_ncv_5x3_inner3_v1","Cleveland","decision_trees",1,2,3,12120203,"arvore_cp_0.01_profundidade_3",0.01,3,0.765432098765432,0.648648648648649,0.863636363636364,0.8,0.716417910447761,0.528436898518777,0.788083538083538,0.176926743114557,0.542126682632631,0.756142506142506,24,38,6,13,0,0
"cleveland_ncv_5x3_inner3_v1","cleveland_ncv_5x3_inner3_v1","Cleveland","decision_trees",1,2,1,12120301,"arvore_cp_0.02_profundidade_3",0.02,3,0.7625,0.783783783783784,0.744186046511628,0.725,0.753246753246753,0.526482821092095,0.813010685103708,0.184079362750691,0.57594680524632,0.763984915147706,29,32,11,8,0,0
"cleveland_ncv_5x3_inner3_v1","cleveland_ncv_5x3_inner3_v1","Cleveland","decision_trees",1,2,2,12120302,"arvore_cp_0.02_profundidade_3",0.02,3,0.740740740740741,0.648648648648649,0.818181818181818,0.75,0.695652173913043,0.475678325265102,0.733722358722359,0.207449505229064,0.638296339293916,0.733415233415234,24,36,8,13,0,0
"cleveland_ncv_5x3_inner3_v1","cleveland_ncv_5x3_inner3_v1","Cleveland","decision_trees",1,2,3,12120303,"arvore_cp_0.02_profundidade_3",0.02,3,0.765432098765432,0.648648648648649,0.863636363636364,0.8,0.716417910447761,0.528436898518777,0.788083538083538,0.176926743114557,0.542126682632631,0.756142506142506,24,38,6,13,0,0
"cleveland_ncv_5x3_inner3_v1","cleveland_ncv_5x3_inner3_v1","Cleveland","decision_trees",1,2,1,12120401,"arvore_cp_0.005_profundidade_5",0.005,5,0.725,0.783783783783784,0.674418604651163,0.674418604651163,0.725,0.458202388434947,0.80389692017599,0.19769275671665,0.603939728130001,0.729101194217473,29,29,14,8,0,0
"cleveland_ncv_5x3_inner3_v1","cleveland_ncv_5x3_inner3_v1","Cleveland","decision_trees",1,2,2,12120402,"arvore_cp_0.005_profundidade_5",0.005,5,0.740740740740741,0.648648648648649,0.818181818181818,0.75,0.695652173913043,0.475678325265102,0.733722358722359,0.207449505229064,0.638296339293916,0.733415233415234,24,36,8,13,0,0
"cleveland_ncv_5x3_inner3_v1","cleveland_ncv_5x3_inner3_v1","Cleveland","decision_trees",1,2,3,12120403,"arvore_cp_0.005_profundidade_5",0.005,5,0.765432098765432,0.702702702702703,0.818181818181818,0.764705882352941,0.732394366197183,0.525751190166268,0.80958230958231,0.173446514246547,0.534684220464737,0.76044226044226,26,36,8,11,0,0
"cleveland_ncv_5x3_inner3_v1","cleveland_ncv_5x3_inner3_v1","Cleveland","decision_trees",1,2,1,12120501,"arvore_cp_0.01_profundidade_5",0.01,5,0.725,0.783783783783784,0.674418604651163,0.674418604651163,0.725,0.458202388434947,0.80389692017599,0.19769275671665,0.603939728130001,0.729101194217473,29,29,14,8,0,0
"cleveland_ncv_5x3_inner3_v1","cleveland_ncv_5x3_inner3_v1","Cleveland","decision_trees",1,2,2,12120502,"arvore_cp_0.01_profundidade_5",0.01,5,0.740740740740741,0.648648648648649,0.818181818181818,0.75,0.695652173913043,0.475678325265102,0.733722358722359,0.207449505229064,0.638296339293916,0.733415233415234,24,36,8,13,0,0
"cleveland_ncv_5x3_inner3_v1","cleveland_ncv_5x3_inner3_v1","Cleveland","decision_trees",1,2,3,12120503,"arvore_cp_0.01_profundidade_5",0.01,5,0.765432098765432,0.702702702702703,0.818181818181818,0.764705882352941,0.732394366197183,0.525751190166268,0.80958230958231,0.173446514246547,0.534684220464737,0.76044226044226,26,36,8,11,0,0
"cleveland_ncv_5x3_inner3_v1","cleveland_ncv_5x3_inner3_v1","Cleveland","decision_trees",1,2,1,12120601,"arvore_cp_0.02_profundidade_5",0.02,5,0.725,0.783783783783784,0.674418604651163,0.674418604651163,0.725,0.458202388434947,0.80389692017599,0.19769275671665,0.603939728130001,0.729101194217473,29,29,14,8,0,0
"cleveland_ncv_5x3_inner3_v1","cleveland_ncv_5x3_inner3_v1","Cleveland","decision_trees",1,2,2,12120602,"arvore_cp_0.02_profundidade_5",0.02,5,0.740740740740741,0.648648648648649,0.818181818181818,0.75,0.695652173913043,0.475678325265102,0.733722358722359,0.207449505229064,0.638296339293916,0.733415233415234,24,36,8,13,0,0
"cleveland_ncv_5x3_inner3_v1","cleveland_ncv_5x3_inner3_v1","Cleveland","decision_trees",1,2,3,12120603,"arvore_cp_0.02_profundidade_5",0.02,5,0.765432098765432,0.648648648648649,0.863636363636364,0.8,0.716417910447761,0.528436898518777,0.788083538083538,0.176926743114557,0.542126682632631,0.756142506142506,24,38,6,13,0,0
"cleveland_ncv_5x3_inner3_v1","cleveland_ncv_5x3_inner3_v1","Cleveland","decision_trees",1,3,1,12130101,"arvore_cp_0.005_profundidade_3",0.005,3,0.765432098765432,0.810810810810811,0.727272727272727,0.714285714285714,0.759493670886076,0.536438521888844,0.826474201474201,0.172305627379747,0.578052234214581,0.769041769041769,30,32,12,7,0,0
"cleveland_ncv_5x3_inner3_v1","cleveland_ncv_5x3_inner3_v1","Cleveland","decision_trees",1,3,2,12130102,"arvore_cp_0.005_profundidade_3",0.005,3,0.876543209876543,0.837837837837838,0.909090909090909,0.885714285714286,0.861111111111111,0.751092519491191,0.90448402948403,0.105188169777006,0.359418030869154,0.873464373464373,31,40,4,6,0,0
"cleveland_ncv_5x3_inner3_v1","cleveland_ncv_5x3_inner3_v1","Cleveland","decision_trees",1,3,3,12130103,"arvore_cp_0.005_profundidade_3",0.005,3,0.864197530864197,0.810810810810811,0.909090909090909,0.882352941176471,0.845070422535211,0.72662782414489,0.896498771498772,0.112259089823808,0.7791928765549,0.85995085995086,30,40,4,7,0,0
"cleveland_ncv_5x3_inner3_v1","cleveland_ncv_5x3_inner3_v1","Cleveland","decision_trees",1,3,1,12130201,"arvore_cp_0.01_profundidade_3",0.01,3,0.765432098765432,0.810810810810811,0.727272727272727,0.714285714285714,0.759493670886076,0.536438521888844,0.826474201474201,0.172305627379747,0.578052234214581,0.769041769041769,30,32,12,7,0,0
"cleveland_ncv_5x3_inner3_v1","cleveland_ncv_5x3_inner3_v1","Cleveland","decision_trees",1,3,2,12130202,"arvore_cp_0.01_profundidade_3",0.01,3,0.876543209876543,0.837837837837838,0.909090909090909,0.885714285714286,0.861111111111111,0.751092519491191,0.90448402948403,0.105188169777006,0.359418030869154,0.873464373464373,31,40,4,6,0,0
"cleveland_ncv_5x3_inner3_v1","cleveland_ncv_5x3_inner3_v1","Cleveland","decision_trees",1,3,3,12130203,"arvore_cp_0.01_profundidade_3",0.01,3,0.864197530864197,0.810810810810811,0.909090909090909,0.882352941176471,0.845070422535211,0.72662782414489,0.896498771498772,0.112259089823808,0.7791928765549,0.85995085995086,30,40,4,7,0,0
"cleveland_ncv_5x3_inner3_v1","cleveland_ncv_5x3_inner3_v1","Cleveland","decision_trees",1,3,1,12130301,"arvore_cp_0.02_profundidade_3",0.02,3,0.765432098765432,0.810810810810811,0.727272727272727,0.714285714285714,0.759493670886076,0.536438521888844,0.826474201474201,0.172305627379747,0.578052234214581,0.769041769041769,30,32,12,7,0,0
"cleveland_ncv_5x3_inner3_v1","cleveland_ncv_5x3_inner3_v1","Cleveland","decision_trees",1,3,2,12130302,"arvore_cp_0.02_profundidade_3",0.02,3,0.876543209876543,0.837837837837838,0.909090909090909,0.885714285714286,0.861111111111111,0.751092519491191,0.90448402948403,0.105188169777006,0.359418030869154,0.873464373464373,31,40,4,6,0,0
"cleveland_ncv_5x3_inner3_v1","cleveland_ncv_5x3_inner3_v1","Cleveland","decision_trees",1,3,3,12130303,"arvore_cp_0.02_profundidade_3",0.02,3,0.864197530864197,0.810810810810811,0.909090909090909,0.882352941176471,0.845070422535211,0.72662782414489,0.896498771498772,0.112259089823808,0.7791928765549,0.85995085995086,30,40,4,7,0,0
"cleveland_ncv_5x3_inner3_v1","cleveland_ncv_5x3_inner3_v1","Cleveland","decision_trees",1,3,1,12130401,"arvore_cp_0.005_profundidade_5",0.005,5,0.765432098765432,0.810810810810811,0.727272727272727,0.714285714285714,0.759493670886076,0.536438521888844,0.826474201474201,0.172305627379747,0.578052234214581,0.769041769041769,30,32,12,7,0,0
"cleveland_ncv_5x3_inner3_v1","cleveland_ncv_5x3_inner3_v1","Cleveland","decision_trees",1,3,2,12130402,"arvore_cp_0.005_profundidade_5",0.005,5,0.876543209876543,0.837837837837838,0.909090909090909,0.885714285714286,0.861111111111111,0.751092519491191,0.90448402948403,0.105188169777006,0.359418030869154,0.873464373464373,31,40,4,6,0,0
"cleveland_ncv_5x3_inner3_v1","cleveland_ncv_5x3_inner3_v1","Cleveland","decision_trees",1,3,3,12130403,"arvore_cp_0.005_profundidade_5",0.005,5,0.864197530864197,0.945945945945946,0.795454545454545,0.795454545454545,0.864197530864197,0.741400491400491,0.910012285012285,0.105567093639935,0.761791015238405,0.870700245700246,35,35,9,2,0,0
"cleveland_ncv_5x3_inner3_v1","cleveland_ncv_5x3_inner3_v1","Cleveland","decision_trees",1,3,1,12130501,"arvore_cp_0.01_profundidade_5",0.01,5,0.765432098765432,0.810810810810811,0.727272727272727,0.714285714285714,0.759493670886076,0.536438521888844,0.826474201474201,0.172305627379747,0.578052234214581,0.769041769041769,30,32,12,7,0,0
"cleveland_ncv_5x3_inner3_v1","cleveland_ncv_5x3_inner3_v1","Cleveland","decision_trees",1,3,2,12130502,"arvore_cp_0.01_profundidade_5",0.01,5,0.876543209876543,0.837837837837838,0.909090909090909,0.885714285714286,0.861111111111111,0.751092519491191,0.90448402948403,0.105188169777006,0.359418030869154,0.873464373464373,31,40,4,6,0,0
"cleveland_ncv_5x3_inner3_v1","cleveland_ncv_5x3_inner3_v1","Cleveland","decision_trees",1,3,3,12130503,"arvore_cp_0.01_profundidade_5",0.01,5,0.864197530864197,0.945945945945946,0.795454545454545,0.795454545454545,0.864197530864197,0.741400491400491,0.910012285012285,0.105567093639935,0.761791015238405,0.870700245700246,35,35,9,2,0,0
"cleveland_ncv_5x3_inner3_v1","cleveland_ncv_5x3_inner3_v1","Cleveland","decision_trees",1,3,1,12130601,"arvore_cp_0.02_profundidade_5",0.02,5,0.765432098765432,0.810810810810811,0.727272727272727,0.714285714285714,0.759493670886076,0.536438521888844,0.826474201474201,0.172305627379747,0.578052234214581,0.769041769041769,30,32,12,7,0,0
"cleveland_ncv_5x3_inner3_v1","cleveland_ncv_5x3_inner3_v1","Cleveland","decision_trees",1,3,2,12130602,"arvore_cp_0.02_profundidade_5",0.02,5,0.876543209876543,0.837837837837838,0.909090909090909,0.885714285714286,0.861111111111111,0.751092519491191,0.90448402948403,0.105188169777006,0.359418030869154,0.873464373464373,31,40,4,6,0,0
"cleveland_ncv_5x3_inner3_v1","cleveland_ncv_5x3_inner3_v1","Cleveland","decision_trees",1,3,3,12130603,"arvore_cp_0.02_profundidade_5",0.02,5,0.851851851851852,0.864864864864865,0.840909090909091,0.82051282051282,0.842105263157895,0.703616280422696,0.906326781326781,0.113720081934151,0.780880653029308,0.852886977886978,32,37,7,5,0,0
"cleveland_ncv_5x3_inner3_v1","cleveland_ncv_5x3_inner3_v1","Cleveland","decision_trees",1,4,1,12140101,"arvore_cp_0.005_profundidade_3",0.005,3,0.790123456790123,0.675675675675676,0.886363636363636,0.833333333333333,0.746268656716418,0.579759906648298,0.768734643734644,0.179076652265652,0.56615465480222,0.781019656019656,25,39,5,12,0,0
"cleveland_ncv_5x3_inner3_v1","cleveland_ncv_5x3_inner3_v1","Cleveland","decision_trees",1,4,2,12140102,"arvore_cp_0.005_profundidade_3",0.005,3,0.765432098765432,0.789473684210526,0.744186046511628,0.731707317073171,0.759493670886076,0.53268262938852,0.765299877600979,0.194751724056986,0.618863638885631,0.766829865361077,30,32,11,8,0,0
"cleveland_ncv_5x3_inner3_v1","cleveland_ncv_5x3_inner3_v1","Cleveland","decision_trees",1,4,3,12140103,"arvore_cp_0.005_profundidade_3",0.005,3,0.753086419753086,0.72972972972973,0.772727272727273,0.72972972972973,0.72972972972973,0.502457002457002,0.783169533169533,0.188389794686648,1.80216474093236,0.751228501228501,27,34,10,10,0,0
"cleveland_ncv_5x3_inner3_v1","cleveland_ncv_5x3_inner3_v1","Cleveland","decision_trees",1,4,1,12140201,"arvore_cp_0.01_profundidade_3",0.01,3,0.790123456790123,0.675675675675676,0.886363636363636,0.833333333333333,0.746268656716418,0.579759906648298,0.768734643734644,0.179076652265652,0.56615465480222,0.781019656019656,25,39,5,12,0,0
"cleveland_ncv_5x3_inner3_v1","cleveland_ncv_5x3_inner3_v1","Cleveland","decision_trees",1,4,2,12140202,"arvore_cp_0.01_profundidade_3",0.01,3,0.765432098765432,0.789473684210526,0.744186046511628,0.731707317073171,0.759493670886076,0.53268262938852,0.765299877600979,0.194751724056986,0.618863638885631,0.766829865361077,30,32,11,8,0,0
"cleveland_ncv_5x3_inner3_v1","cleveland_ncv_5x3_inner3_v1","Cleveland","decision_trees",1,4,3,12140203,"arvore_cp_0.01_profundidade_3",0.01,3,0.753086419753086,0.72972972972973,0.772727272727273,0.72972972972973,0.72972972972973,0.502457002457002,0.783169533169533,0.188389794686648,1.80216474093236,0.751228501228501,27,34,10,10,0,0
"cleveland_ncv_5x3_inner3_v1","cleveland_ncv_5x3_inner3_v1","Cleveland","decision_trees",1,4,1,12140301,"arvore_cp_0.02_profundidade_3",0.02,3,0.753086419753086,0.567567567567568,0.909090909090909,0.84,0.67741935483871,0.514008739424715,0.712837837837838,0.194723725494533,0.598410512138821,0.738329238329238,21,40,4,16,0,0
"cleveland_ncv_5x3_inner3_v1","cleveland_ncv_5x3_inner3_v1","Cleveland","decision_trees",1,4,2,12140302,"arvore_cp_0.02_profundidade_3",0.02,3,0.765432098765432,0.789473684210526,0.744186046511628,0.731707317073171,0.759493670886076,0.53268262938852,0.765299877600979,0.194751724056986,0.618863638885631,0.766829865361077,30,32,11,8,0,0
"cleveland_ncv_5x3_inner3_v1","cleveland_ncv_5x3_inner3_v1","Cleveland","decision_trees",1,4,3,12140303,"arvore_cp_0.02_profundidade_3",0.02,3,0.753086419753086,0.72972972972973,0.772727272727273,0.72972972972973,0.72972972972973,0.502457002457002,0.783169533169533,0.188389794686648,1.80216474093236,0.751228501228501,27,34,10,10,0,0
"cleveland_ncv_5x3_inner3_v1","cleveland_ncv_5x3_inner3_v1","Cleveland","decision_trees",1,4,1,12140401,"arvore_cp_0.005_profundidade_5",0.005,5,0.790123456790123,0.675675675675676,0.886363636363636,0.833333333333333,0.746268656716418,0.579759906648298,0.768734643734644,0.179076652265652,0.56615465480222,0.781019656019656,25,39,5,12,0,0
"cleveland_ncv_5x3_inner3_v1","cleveland_ncv_5x3_inner3_v1","Cleveland","decision_trees",1,4,2,12140402,"arvore_cp_0.005_profundidade_5",0.005,5,0.765432098765432,0.789473684210526,0.744186046511628,0.731707317073171,0.759493670886076,0.53268262938852,0.765299877600979,0.194751724056986,0.618863638885631,0.766829865361077,30,32,11,8,0,0
"cleveland_ncv_5x3_inner3_v1","cleveland_ncv_5x3_inner3_v1","Cleveland","decision_trees",1,4,3,12140403,"arvore_cp_0.005_profundidade_5",0.005,5,0.777777777777778,0.675675675675676,0.863636363636364,0.806451612903226,0.735294117647059,0.552715274374096,0.785012285012285,0.181552370477429,1.78745767421151,0.76965601965602,25,38,6,12,0,0
"cleveland_ncv_5x3_inner3_v1","cleveland_ncv_5x3_inner3_v1","Cleveland","decision_trees",1,4,1,12140501,"arvore_cp_0.01_profundidade_5",0.01,5,0.790123456790123,0.675675675675676,0.886363636363636,0.833333333333333,0.746268656716418,0.579759906648298,0.768734643734644,0.179076652265652,0.56615465480222,0.781019656019656,25,39,5,12,0,0
"cleveland_ncv_5x3_inner3_v1","cleveland_ncv_5x3_inner3_v1","Cleveland","decision_trees",1,4,2,12140502,"arvore_cp_0.01_profundidade_5",0.01,5,0.765432098765432,0.789473684210526,0.744186046511628,0.731707317073171,0.759493670886076,0.53268262938852,0.765299877600979,0.194751724056986,0.618863638885631,0.766829865361077,30,32,11,8,0,0
"cleveland_ncv_5x3_inner3_v1","cleveland_ncv_5x3_inner3_v1","Cleveland","decision_trees",1,4,3,12140503,"arvore_cp_0.01_profundidade_5",0.01,5,0.777777777777778,0.675675675675676,0.863636363636364,0.806451612903226,0.735294117647059,0.552715274374096,0.785012285012285,0.181552370477429,1.78745767421151,0.76965601965602,25,38,6,12,0,0
"cleveland_ncv_5x3_inner3_v1","cleveland_ncv_5x3_inner3_v1","Cleveland","decision_trees",1,4,1,12140601,"arvore_cp_0.02_profundidade_5",0.02,5,0.753086419753086,0.567567567567568,0.909090909090909,0.84,0.67741935483871,0.514008739424715,0.712837837837838,0.194723725494533,0.598410512138821,0.738329238329238,21,40,4,16,0,0
"cleveland_ncv_5x3_inner3_v1","cleveland_ncv_5x3_inner3_v1","Cleveland","decision_trees",1,4,2,12140602,"arvore_cp_0.02_profundidade_5",0.02,5,0.765432098765432,0.789473684210526,0.744186046511628,0.731707317073171,0.759493670886076,0.53268262938852,0.765299877600979,0.194751724056986,0.618863638885631,0.766829865361077,30,32,11,8,0,0
"cleveland_ncv_5x3_inner3_v1","cleveland_ncv_5x3_inner3_v1","Cleveland","decision_trees",1,4,3,12140603,"arvore_cp_0.02_profundidade_5",0.02,5,0.777777777777778,0.675675675675676,0.863636363636364,0.806451612903226,0.735294117647059,0.552715274374096,0.785012285012285,0.181552370477429,1.78745767421151,0.76965601965602,25,38,6,12,0,0
"cleveland_ncv_5x3_inner3_v1","cleveland_ncv_5x3_inner3_v1","Cleveland","decision_trees",1,5,1,12150101,"arvore_cp_0.005_profundidade_3",0.005,3,0.777777777777778,0.675675675675676,0.863636363636364,0.806451612903226,0.735294117647059,0.552715274374096,0.771191646191646,0.180066101899288,0.562092631819058,0.76965601965602,25,38,6,12,0,0
"cleveland_ncv_5x3_inner3_v1","cleveland_ncv_5x3_inner3_v1","Cleveland","decision_trees",1,5,2,12150102,"arvore_cp_0.005_profundidade_3",0.005,3,0.85,0.72972972972973,0.953488372093023,0.931034482758621,0.818181818181818,0.708615042425108,0.88340666247643,0.128433254915941,0.427855690725655,0.841609050911376,27,41,2,10,0,0
"cleveland_ncv_5x3_inner3_v1","cleveland_ncv_5x3_inner3_v1","Cleveland","decision_trees",1,5,3,12150103,"arvore_cp_0.005_profundidade_3",0.005,3,0.691358024691358,0.837837837837838,0.568181818181818,0.62,0.71264367816092,0.416110246425145,0.841830466830467,0.198043978315231,0.58708525096221,0.703009828009828,31,25,19,6,0,0
"cleveland_ncv_5x3_inner3_v1","cleveland_ncv_5x3_inner3_v1","Cleveland","decision_trees",1,5,1,12150201,"arvore_cp_0.01_profundidade_3",0.01,3,0.777777777777778,0.675675675675676,0.863636363636364,0.806451612903226,0.735294117647059,0.552715274374096,0.771191646191646,0.180066101899288,0.562092631819058,0.76965601965602,25,38,6,12,0,0
"cleveland_ncv_5x3_inner3_v1","cleveland_ncv_5x3_inner3_v1","Cleveland","decision_trees",1,5,2,12150202,"arvore_cp_0.01_profundidade_3",0.01,3,0.85,0.72972972972973,0.953488372093023,0.931034482758621,0.818181818181818,0.708615042425108,0.88340666247643,0.128433254915941,0.427855690725655,0.841609050911376,27,41,2,10,0,0
"cleveland_ncv_5x3_inner3_v1","cleveland_ncv_5x3_inner3_v1","Cleveland","decision_trees",1,5,3,12150203,"arvore_cp_0.01_profundidade_3",0.01,3,0.691358024691358,0.837837837837838,0.568181818181818,0.62,0.71264367816092,0.416110246425145,0.841830466830467,0.198043978315231,0.58708525096221,0.703009828009828,31,25,19,6,0,0
"cleveland_ncv_5x3_inner3_v1","cleveland_ncv_5x3_inner3_v1","Cleveland","decision_trees",1,5,1,12150301,"arvore_cp_0.02_profundidade_3",0.02,3,0.777777777777778,0.675675675675676,0.863636363636364,0.806451612903226,0.735294117647059,0.552715274374096,0.771191646191646,0.180066101899288,0.562092631819058,0.76965601965602,25,38,6,12,0,0
"cleveland_ncv_5x3_inner3_v1","cleveland_ncv_5x3_inner3_v1","Cleveland","decision_trees",1,5,2,12150302,"arvore_cp_0.02_profundidade_3",0.02,3,0.85,0.72972972972973,0.953488372093023,0.931034482758621,0.818181818181818,0.708615042425108,0.88340666247643,0.128433254915941,0.427855690725655,0.841609050911376,27,41,2,10,0,0
"cleveland_ncv_5x3_inner3_v1","cleveland_ncv_5x3_inner3_v1","Cleveland","decision_trees",1,5,3,12150303,"arvore_cp_0.02_profundidade_3",0.02,3,0.691358024691358,0.837837837837838,0.568181818181818,0.62,0.71264367816092,0.416110246425145,0.841830466830467,0.198043978315231,0.58708525096221,0.703009828009828,31,25,19,6,0,0
"cleveland_ncv_5x3_inner3_v1","cleveland_ncv_5x3_inner3_v1","Cleveland","decision_trees",1,5,1,12150401,"arvore_cp_0.005_profundidade_5",0.005,5,0.777777777777778,0.675675675675676,0.863636363636364,0.806451612903226,0.735294117647059,0.552715274374096,0.771191646191646,0.180066101899288,0.562092631819058,0.76965601965602,25,38,6,12,0,0
"cleveland_ncv_5x3_inner3_v1","cleveland_ncv_5x3_inner3_v1","Cleveland","decision_trees",1,5,2,12150402,"arvore_cp_0.005_profundidade_5",0.005,5,0.85,0.72972972972973,0.953488372093023,0.931034482758621,0.818181818181818,0.708615042425108,0.88340666247643,0.128433254915941,0.427855690725655,0.841609050911376,27,41,2,10,0,0
"cleveland_ncv_5x3_inner3_v1","cleveland_ncv_5x3_inner3_v1","Cleveland","decision_trees",1,5,3,12150403,"arvore_cp_0.005_profundidade_5",0.005,5,0.691358024691358,0.837837837837838,0.568181818181818,0.62,0.71264367816092,0.416110246425145,0.841830466830467,0.198043978315231,0.58708525096221,0.703009828009828,31,25,19,6,0,0
"cleveland_ncv_5x3_inner3_v1","cleveland_ncv_5x3_inner3_v1","Cleveland","decision_trees",1,5,1,12150501,"arvore_cp_0.01_profundidade_5",0.01,5,0.777777777777778,0.675675675675676,0.863636363636364,0.806451612903226,0.735294117647059,0.552715274374096,0.771191646191646,0.180066101899288,0.562092631819058,0.76965601965602,25,38,6,12,0,0
"cleveland_ncv_5x3_inner3_v1","cleveland_ncv_5x3_inner3_v1","Cleveland","decision_trees",1,5,2,12150502,"arvore_cp_0.01_profundidade_5",0.01,5,0.85,0.72972972972973,0.953488372093023,0.931034482758621,0.818181818181818,0.708615042425108,0.88340666247643,0.128433254915941,0.427855690725655,0.841609050911376,27,41,2,10,0,0
"cleveland_ncv_5x3_inner3_v1","cleveland_ncv_5x3_inner3_v1","Cleveland","decision_trees",1,5,3,12150503,"arvore_cp_0.01_profundidade_5",0.01,5,0.691358024691358,0.837837837837838,0.568181818181818,0.62,0.71264367816092,0.416110246425145,0.841830466830467,0.198043978315231,0.58708525096221,0.703009828009828,31,25,19,6,0,0
"cleveland_ncv_5x3_inner3_v1","cleveland_ncv_5x3_inner3_v1","Cleveland","decision_trees",1,5,1,12150601,"arvore_cp_0.02_profundidade_5",0.02,5,0.777777777777778,0.675675675675676,0.863636363636364,0.806451612903226,0.735294117647059,0.552715274374096,0.771191646191646,0.180066101899288,0.562092631819058,0.76965601965602,25,38,6,12,0,0
"cleveland_ncv_5x3_inner3_v1","cleveland_ncv_5x3_inner3_v1","Cleveland","decision_trees",1,5,2,12150602,"arvore_cp_0.02_profundidade_5",0.02,5,0.85,0.72972972972973,0.953488372093023,0.931034482758621,0.818181818181818,0.708615042425108,0.88340666247643,0.128433254915941,0.427855690725655,0.841609050911376,27,41,2,10,0,0
"cleveland_ncv_5x3_inner3_v1","cleveland_ncv_5x3_inner3_v1","Cleveland","decision_trees",1,5,3,12150603,"arvore_cp_0.02_profundidade_5",0.02,5,0.691358024691358,0.837837837837838,0.568181818181818,0.62,0.71264367816092,0.416110246425145,0.841830466830467,0.198043978315231,0.58708525096221,0.703009828009828,31,25,19,6,0,0
"cleveland_ncv_5x3_inner3_v1","cleveland_ncv_5x3_inner3_v1","Cleveland","decision_trees",2,1,1,12210101,"arvore_cp_0.005_profundidade_3",0.005,3,0.802469135802469,0.864864864864865,0.75,0.744186046511628,0.8,0.613734943790839,0.878685503685504,0.144541207781405,0.456563800884252,0.807432432432432,32,33,11,5,0,0
"cleveland_ncv_5x3_inner3_v1","cleveland_ncv_5x3_inner3_v1","Cleveland","decision_trees",2,1,2,12210102,"arvore_cp_0.005_profundidade_3",0.005,3,0.802469135802469,0.783783783783784,0.818181818181818,0.783783783783784,0.783783783783784,0.601965601965602,0.844594594594595,0.161975491374065,0.515672675273181,0.800982800982801,29,36,8,8,0,0
"cleveland_ncv_5x3_inner3_v1","cleveland_ncv_5x3_inner3_v1","Cleveland","decision_trees",2,1,3,12210103,"arvore_cp_0.005_profundidade_3",0.005,3,0.753086419753086,0.631578947368421,0.86046511627907,0.8,0.705882352941177,0.508492213790288,0.775703794369645,0.202006747211079,0.684431409707409,0.746022031823745,24,37,6,14,0,0
"cleveland_ncv_5x3_inner3_v1","cleveland_ncv_5x3_inner3_v1","Cleveland","decision_trees",2,1,1,12210201,"arvore_cp_0.01_profundidade_3",0.01,3,0.802469135802469,0.864864864864865,0.75,0.744186046511628,0.8,0.613734943790839,0.878685503685504,0.144541207781405,0.456563800884252,0.807432432432432,32,33,11,5,0,0
"cleveland_ncv_5x3_inner3_v1","cleveland_ncv_5x3_inner3_v1","Cleveland","decision_trees",2,1,2,12210202,"arvore_cp_0.01_profundidade_3",0.01,3,0.802469135802469,0.783783783783784,0.818181818181818,0.783783783783784,0.783783783783784,0.601965601965602,0.844594594594595,0.161975491374065,0.515672675273181,0.800982800982801,29,36,8,8,0,0
"cleveland_ncv_5x3_inner3_v1","cleveland_ncv_5x3_inner3_v1","Cleveland","decision_trees",2,1,3,12210203,"arvore_cp_0.01_profundidade_3",0.01,3,0.753086419753086,0.631578947368421,0.86046511627907,0.8,0.705882352941177,0.508492213790288,0.775703794369645,0.202006747211079,0.684431409707409,0.746022031823745,24,37,6,14,0,0
"cleveland_ncv_5x3_inner3_v1","cleveland_ncv_5x3_inner3_v1","Cleveland","decision_trees",2,1,1,12210301,"arvore_cp_0.02_profundidade_3",0.02,3,0.802469135802469,0.864864864864865,0.75,0.744186046511628,0.8,0.613734943790839,0.878685503685504,0.144541207781405,0.456563800884252,0.807432432432432,32,33,11,5,0,0
"cleveland_ncv_5x3_inner3_v1","cleveland_ncv_5x3_inner3_v1","Cleveland","decision_trees",2,1,2,12210302,"arvore_cp_0.02_profundidade_3",0.02,3,0.802469135802469,0.783783783783784,0.818181818181818,0.783783783783784,0.783783783783784,0.601965601965602,0.844594594594595,0.161975491374065,0.515672675273181,0.800982800982801,29,36,8,8,0,0
"cleveland_ncv_5x3_inner3_v1","cleveland_ncv_5x3_inner3_v1","Cleveland","decision_trees",2,1,3,12210303,"arvore_cp_0.02_profundidade_3",0.02,3,0.753086419753086,0.631578947368421,0.86046511627907,0.8,0.705882352941177,0.508492213790288,0.775703794369645,0.202006747211079,0.684431409707409,0.746022031823745,24,37,6,14,0,0
"cleveland_ncv_5x3_inner3_v1","cleveland_ncv_5x3_inner3_v1","Cleveland","decision_trees",2,1,1,12210401,"arvore_cp_0.005_profundidade_5",0.005,5,0.802469135802469,0.864864864864865,0.75,0.744186046511628,0.8,0.613734943790839,0.884213759213759,0.142441602507196,0.446492181792265,0.807432432432432,32,33,11,5,0,0
"cleveland_ncv_5x3_inner3_v1","cleveland_ncv_5x3_inner3_v1","Cleveland","decision_trees",2,1,2,12210402,"arvore_cp_0.005_profundidade_5",0.005,5,0.802469135802469,0.837837837837838,0.772727272727273,0.75609756097561,0.794871794871795,0.608327234578822,0.85012285012285,0.15970791767792,0.51072474736943,0.805282555282555,31,34,10,6,0,0
"cleveland_ncv_5x3_inner3_v1","cleveland_ncv_5x3_inner3_v1","Cleveland","decision_trees",2,1,3,12210403,"arvore_cp_0.005_profundidade_5",0.005,5,0.753086419753086,0.631578947368421,0.86046511627907,0.8,0.705882352941177,0.508492213790288,0.775703794369645,0.202006747211079,0.684431409707409,0.746022031823745,24,37,6,14,0,0
"cleveland_ncv_5x3_inner3_v1","cleveland_ncv_5x3_inner3_v1","Cleveland","decision_trees",2,1,1,12210501,"arvore_cp_0.01_profundidade_5",0.01,5,0.802469135802469,0.864864864864865,0.75,0.744186046511628,0.8,0.613734943790839,0.884213759213759,0.142441602507196,0.446492181792265,0.807432432432432,32,33,11,5,0,0
"cleveland_ncv_5x3_inner3_v1","cleveland_ncv_5x3_inner3_v1","Cleveland","decision_trees",2,1,2,12210502,"arvore_cp_0.01_profundidade_5",0.01,5,0.802469135802469,0.837837837837838,0.772727272727273,0.75609756097561,0.794871794871795,0.608327234578822,0.85012285012285,0.15970791767792,0.51072474736943,0.805282555282555,31,34,10,6,0,0
"cleveland_ncv_5x3_inner3_v1","cleveland_ncv_5x3_inner3_v1","Cleveland","decision_trees",2,1,3,12210503,"arvore_cp_0.01_profundidade_5",0.01,5,0.753086419753086,0.631578947368421,0.86046511627907,0.8,0.705882352941177,0.508492213790288,0.775703794369645,0.202006747211079,0.684431409707409,0.746022031823745,24,37,6,14,0,0
"cleveland_ncv_5x3_inner3_v1","cleveland_ncv_5x3_inner3_v1","Cleveland","decision_trees",2,1,1,12210601,"arvore_cp_0.02_profundidade_5",0.02,5,0.802469135802469,0.864864864864865,0.75,0.744186046511628,0.8,0.613734943790839,0.878685503685504,0.144541207781405,0.456563800884252,0.807432432432432,32,33,11,5,0,0
"cleveland_ncv_5x3_inner3_v1","cleveland_ncv_5x3_inner3_v1","Cleveland","decision_trees",2,1,2,12210602,"arvore_cp_0.02_profundidade_5",0.02,5,0.802469135802469,0.783783783783784,0.818181818181818,0.783783783783784,0.783783783783784,0.601965601965602,0.844594594594595,0.161975491374065,0.515672675273181,0.800982800982801,29,36,8,8,0,0
"cleveland_ncv_5x3_inner3_v1","cleveland_ncv_5x3_inner3_v1","Cleveland","decision_trees",2,1,3,12210603,"arvore_cp_0.02_profundidade_5",0.02,5,0.753086419753086,0.631578947368421,0.86046511627907,0.8,0.705882352941177,0.508492213790288,0.775703794369645,0.202006747211079,0.684431409707409,0.746022031823745,24,37,6,14,0,0
"cleveland_ncv_5x3_inner3_v1","cleveland_ncv_5x3_inner3_v1","Cleveland","decision_trees",2,2,1,12220101,"arvore_cp_0.005_profundidade_3",0.005,3,0.7625,0.648648648648649,0.86046511627907,0.8,0.716417910447761,0.524329508096739,0.78441231929604,0.180442114119071,0.553170410478344,0.754556882463859,24,37,6,13,0,0
"cleveland_ncv_5x3_inner3_v1","cleveland_ncv_5x3_inner3_v1","Cleveland","decision_trees",2,2,2,12220102,"arvore_cp_0.005_profundidade_3",0.005,3,0.728395061728395,0.621621621621622,0.818181818181818,0.741935483870968,0.676470588235294,0.450733640605755,0.779176904176904,0.206681406797199,0.641690869001635,0.71990171990172,23,36,8,14,0,0
"cleveland_ncv_5x3_inner3_v1","cleveland_ncv_5x3_inner3_v1","Cleveland","decision_trees",2,2,3,12220103,"arvore_cp_0.005_profundidade_3",0.005,3,0.839506172839506,0.783783783783784,0.886363636363636,0.852941176470588,0.816901408450704,0.676408665650234,0.88544226044226,0.130599951120006,0.420815404772772,0.83507371007371,29,39,5,8,0,0
"cleveland_ncv_5x3_inner3_v1","cleveland_ncv_5x3_inner3_v1","Cleveland","decision_trees",2,2,1,12220201,"arvore_cp_0.01_profundidade_3",0.01,3,0.7625,0.648648648648649,0.86046511627907,0.8,0.716417910447761,0.524329508096739,0.78441231929604,0.180442114119071,0.553170410478344,0.754556882463859,24,37,6,13,0,0
"cleveland_ncv_5x3_inner3_v1","cleveland_ncv_5x3_inner3_v1","Cleveland","decision_trees",2,2,2,12220202,"arvore_cp_0.01_profundidade_3",0.01,3,0.728395061728395,0.621621621621622,0.818181818181818,0.741935483870968,0.676470588235294,0.450733640605755,0.779176904176904,0.206681406797199,0.641690869001635,0.71990171990172,23,36,8,14,0,0
"cleveland_ncv_5x3_inner3_v1","cleveland_ncv_5x3_inner3_v1","Cleveland","decision_trees",2,2,3,12220203,"arvore_cp_0.01_profundidade_3",0.01,3,0.839506172839506,0.783783783783784,0.886363636363636,0.852941176470588,0.816901408450704,0.676408665650234,0.88544226044226,0.130599951120006,0.420815404772772,0.83507371007371,29,39,5,8,0,0
"cleveland_ncv_5x3_inner3_v1","cleveland_ncv_5x3_inner3_v1","Cleveland","decision_trees",2,2,1,12220301,"arvore_cp_0.02_profundidade_3",0.02,3,0.7625,0.648648648648649,0.86046511627907,0.8,0.716417910447761,0.524329508096739,0.78441231929604,0.180442114119071,0.553170410478344,0.754556882463859,24,37,6,13,0,0
"cleveland_ncv_5x3_inner3_v1","cleveland_ncv_5x3_inner3_v1","Cleveland","decision_trees",2,2,2,12220302,"arvore_cp_0.02_profundidade_3",0.02,3,0.728395061728395,0.621621621621622,0.818181818181818,0.741935483870968,0.676470588235294,0.450733640605755,0.779176904176904,0.206681406797199,0.641690869001635,0.71990171990172,23,36,8,14,0,0
"cleveland_ncv_5x3_inner3_v1","cleveland_ncv_5x3_inner3_v1","Cleveland","decision_trees",2,2,3,12220303,"arvore_cp_0.02_profundidade_3",0.02,3,0.839506172839506,0.783783783783784,0.886363636363636,0.852941176470588,0.816901408450704,0.676408665650234,0.88544226044226,0.130599951120006,0.420815404772772,0.83507371007371,29,39,5,8,0,0
"cleveland_ncv_5x3_inner3_v1","cleveland_ncv_5x3_inner3_v1","Cleveland","decision_trees",2,2,1,12220401,"arvore_cp_0.005_profundidade_5",0.005,5,0.7625,0.648648648648649,0.86046511627907,0.8,0.716417910447761,0.524329508096739,0.78441231929604,0.180442114119071,0.553170410478344,0.754556882463859,24,37,6,13,0,0
"cleveland_ncv_5x3_inner3_v1","cleveland_ncv_5x3_inner3_v1","Cleveland","decision_trees",2,2,2,12220402,"arvore_cp_0.005_profundidade_5",0.005,5,0.728395061728395,0.621621621621622,0.818181818181818,0.741935483870968,0.676470588235294,0.450733640605755,0.779176904176904,0.206681406797199,0.641690869001635,0.71990171990172,23,36,8,14,0,0
"cleveland_ncv_5x3_inner3_v1","cleveland_ncv_5x3_inner3_v1","Cleveland","decision_trees",2,2,3,12220403,"arvore_cp_0.005_profundidade_5",0.005,5,0.839506172839506,0.783783783783784,0.886363636363636,0.852941176470588,0.816901408450704,0.676408665650234,0.88544226044226,0.130599951120006,0.420815404772772,0.83507371007371,29,39,5,8,0,0
"cleveland_ncv_5x3_inner3_v1","cleveland_ncv_5x3_inner3_v1","Cleveland","decision_trees",2,2,1,12220501,"arvore_cp_0.01_profundidade_5",0.01,5,0.7625,0.648648648648649,0.86046511627907,0.8,0.716417910447761,0.524329508096739,0.78441231929604,0.180442114119071,0.553170410478344,0.754556882463859,24,37,6,13,0,0
"cleveland_ncv_5x3_inner3_v1","cleveland_ncv_5x3_inner3_v1","Cleveland","decision_trees",2,2,2,12220502,"arvore_cp_0.01_profundidade_5",0.01,5,0.728395061728395,0.621621621621622,0.818181818181818,0.741935483870968,0.676470588235294,0.450733640605755,0.779176904176904,0.206681406797199,0.641690869001635,0.71990171990172,23,36,8,14,0,0
"cleveland_ncv_5x3_inner3_v1","cleveland_ncv_5x3_inner3_v1","Cleveland","decision_trees",2,2,3,12220503,"arvore_cp_0.01_profundidade_5",0.01,5,0.839506172839506,0.783783783783784,0.886363636363636,0.852941176470588,0.816901408450704,0.676408665650234,0.88544226044226,0.130599951120006,0.420815404772772,0.83507371007371,29,39,5,8,0,0
"cleveland_ncv_5x3_inner3_v1","cleveland_ncv_5x3_inner3_v1","Cleveland","decision_trees",2,2,1,12220601,"arvore_cp_0.02_profundidade_5",0.02,5,0.7625,0.648648648648649,0.86046511627907,0.8,0.716417910447761,0.524329508096739,0.78441231929604,0.180442114119071,0.553170410478344,0.754556882463859,24,37,6,13,0,0
"cleveland_ncv_5x3_inner3_v1","cleveland_ncv_5x3_inner3_v1","Cleveland","decision_trees",2,2,2,12220602,"arvore_cp_0.02_profundidade_5",0.02,5,0.728395061728395,0.621621621621622,0.818181818181818,0.741935483870968,0.676470588235294,0.450733640605755,0.779176904176904,0.206681406797199,0.641690869001635,0.71990171990172,23,36,8,14,0,0
"cleveland_ncv_5x3_inner3_v1","cleveland_ncv_5x3_inner3_v1","Cleveland","decision_trees",2,2,3,12220603,"arvore_cp_0.02_profundidade_5",0.02,5,0.839506172839506,0.783783783783784,0.886363636363636,0.852941176470588,0.816901408450704,0.676408665650234,0.88544226044226,0.130599951120006,0.420815404772772,0.83507371007371,29,39,5,8,0,0
"cleveland_ncv_5x3_inner3_v1","cleveland_ncv_5x3_inner3_v1","Cleveland","decision_trees",2,3,1,12230101,"arvore_cp_0.005_profundidade_3",0.005,3,0.8,0.810810810810811,0.790697674418605,0.769230769230769,0.789473684210526,0.600001886782811,0.870521684475173,0.159553734106339,0.494560486339319,0.800754242614708,30,34,9,7,0,0
"cleveland_ncv_5x3_inner3_v1","cleveland_ncv_5x3_inner3_v1","Cleveland","decision_trees",2,3,2,12230102,"arvore_cp_0.005_profundidade_3",0.005,3,0.740740740740741,0.72972972972973,0.75,0.710526315789474,0.72,0.478848142957688,0.784398034398034,0.20684231637041,0.635227392096979,0.739864864864865,27,33,11,10,0,0
"cleveland_ncv_5x3_inner3_v1","cleveland_ncv_5x3_inner3_v1","Cleveland","decision_trees",2,3,3,12230103,"arvore_cp_0.005_profundidade_3",0.005,3,0.765432098765432,0.648648648648649,0.863636363636364,0.8,0.716417910447761,0.528436898518777,0.801289926289926,0.181786143341,0.566616863175224,0.756142506142506,24,38,6,13,0,0
"cleveland_ncv_5x3_inner3_v1","cleveland_ncv_5x3_inner3_v1","Cleveland","decision_trees",2,3,1,12230201,"arvore_cp_0.01_profundidade_3",0.01,3,0.8,0.810810810810811,0.790697674418605,0.769230769230769,0.789473684210526,0.600001886782811,0.870521684475173,0.159553734106339,0.494560486339319,0.800754242614708,30,34,9,7,0,0
"cleveland_ncv_5x3_inner3_v1","cleveland_ncv_5x3_inner3_v1","Cleveland","decision_trees",2,3,2,12230202,"arvore_cp_0.01_profundidade_3",0.01,3,0.740740740740741,0.72972972972973,0.75,0.710526315789474,0.72,0.478848142957688,0.784398034398034,0.20684231637041,0.635227392096979,0.739864864864865,27,33,11,10,0,0
"cleveland_ncv_5x3_inner3_v1","cleveland_ncv_5x3_inner3_v1","Cleveland","decision_trees",2,3,3,12230203,"arvore_cp_0.01_profundidade_3",0.01,3,0.765432098765432,0.648648648648649,0.863636363636364,0.8,0.716417910447761,0.528436898518777,0.801289926289926,0.181786143341,0.566616863175224,0.756142506142506,24,38,6,13,0,0
"cleveland_ncv_5x3_inner3_v1","cleveland_ncv_5x3_inner3_v1","Cleveland","decision_trees",2,3,1,12230301,"arvore_cp_0.02_profundidade_3",0.02,3,0.8,0.810810810810811,0.790697674418605,0.769230769230769,0.789473684210526,0.600001886782811,0.870521684475173,0.159553734106339,0.494560486339319,0.800754242614708,30,34,9,7,0,0
"cleveland_ncv_5x3_inner3_v1","cleveland_ncv_5x3_inner3_v1","Cleveland","decision_trees",2,3,2,12230302,"arvore_cp_0.02_profundidade_3",0.02,3,0.740740740740741,0.72972972972973,0.75,0.710526315789474,0.72,0.478848142957688,0.784398034398034,0.20684231637041,0.635227392096979,0.739864864864865,27,33,11,10,0,0
"cleveland_ncv_5x3_inner3_v1","cleveland_ncv_5x3_inner3_v1","Cleveland","decision_trees",2,3,3,12230303,"arvore_cp_0.02_profundidade_3",0.02,3,0.765432098765432,0.648648648648649,0.863636363636364,0.8,0.716417910447761,0.528436898518777,0.801289926289926,0.181786143341,0.566616863175224,0.756142506142506,24,38,6,13,0,0
"cleveland_ncv_5x3_inner3_v1","cleveland_ncv_5x3_inner3_v1","Cleveland","decision_trees",2,3,1,12230401,"arvore_cp_0.005_profundidade_5",0.005,5,0.8,0.810810810810811,0.790697674418605,0.769230769230769,0.789473684210526,0.600001886782811,0.870521684475173,0.159553734106339,0.494560486339319,0.800754242614708,30,34,9,7,0,0
"cleveland_ncv_5x3_inner3_v1","cleveland_ncv_5x3_inner3_v1","Cleveland","decision_trees",2,3,2,12230402,"arvore_cp_0.005_profundidade_5",0.005,5,0.740740740740741,0.72972972972973,0.75,0.710526315789474,0.72,0.478848142957688,0.784398034398034,0.20684231637041,0.635227392096979,0.739864864864865,27,33,11,10,0,0
"cleveland_ncv_5x3_inner3_v1","cleveland_ncv_5x3_inner3_v1","Cleveland","decision_trees",2,3,3,12230403,"arvore_cp_0.005_profundidade_5",0.005,5,0.765432098765432,0.648648648648649,0.863636363636364,0.8,0.716417910447761,0.528436898518777,0.801289926289926,0.181786143341,0.566616863175224,0.756142506142506,24,38,6,13,0,0
"cleveland_ncv_5x3_inner3_v1","cleveland_ncv_5x3_inner3_v1","Cleveland","decision_trees",2,3,1,12230501,"arvore_cp_0.01_profundidade_5",0.01,5,0.8,0.810810810810811,0.790697674418605,0.769230769230769,0.789473684210526,0.600001886782811,0.870521684475173,0.159553734106339,0.494560486339319,0.800754242614708,30,34,9,7,0,0
"cleveland_ncv_5x3_inner3_v1","cleveland_ncv_5x3_inner3_v1","Cleveland","decision_trees",2,3,2,12230502,"arvore_cp_0.01_profundidade_5",0.01,5,0.740740740740741,0.72972972972973,0.75,0.710526315789474,0.72,0.478848142957688,0.784398034398034,0.20684231637041,0.635227392096979,0.739864864864865,27,33,11,10,0,0
"cleveland_ncv_5x3_inner3_v1","cleveland_ncv_5x3_inner3_v1","Cleveland","decision_trees",2,3,3,12230503,"arvore_cp_0.01_profundidade_5",0.01,5,0.765432098765432,0.648648648648649,0.863636363636364,0.8,0.716417910447761,0.528436898518777,0.801289926289926,0.181786143341,0.566616863175224,0.756142506142506,24,38,6,13,0,0
"cleveland_ncv_5x3_inner3_v1","cleveland_ncv_5x3_inner3_v1","Cleveland","decision_trees",2,3,1,12230601,"arvore_cp_0.02_profundidade_5",0.02,5,0.8,0.810810810810811,0.790697674418605,0.769230769230769,0.789473684210526,0.600001886782811,0.870521684475173,0.159553734106339,0.494560486339319,0.800754242614708,30,34,9,7,0,0
"cleveland_ncv_5x3_inner3_v1","cleveland_ncv_5x3_inner3_v1","Cleveland","decision_trees",2,3,2,12230602,"arvore_cp_0.02_profundidade_5",0.02,5,0.740740740740741,0.72972972972973,0.75,0.710526315789474,0.72,0.478848142957688,0.784398034398034,0.20684231637041,0.635227392096979,0.739864864864865,27,33,11,10,0,0
"cleveland_ncv_5x3_inner3_v1","cleveland_ncv_5x3_inner3_v1","Cleveland","decision_trees",2,3,3,12230603,"arvore_cp_0.02_profundidade_5",0.02,5,0.765432098765432,0.648648648648649,0.863636363636364,0.8,0.716417910447761,0.528436898518777,0.801289926289926,0.181786143341,0.566616863175224,0.756142506142506,24,38,6,13,0,0
"cleveland_ncv_5x3_inner3_v1","cleveland_ncv_5x3_inner3_v1","Cleveland","decision_trees",2,4,1,12240101,"arvore_cp_0.005_profundidade_3",0.005,3,0.728395061728395,0.702702702702703,0.75,0.702702702702703,0.702702702702703,0.452702702702703,0.787469287469287,0.212394853014763,0.658233700183727,0.726351351351351,26,33,11,11,0,0
"cleveland_ncv_5x3_inner3_v1","cleveland_ncv_5x3_inner3_v1","Cleveland","decision_trees",2,4,2,12240102,"arvore_cp_0.005_profundidade_3",0.005,3,0.728395061728395,0.702702702702703,0.75,0.702702702702703,0.702702702702703,0.452702702702703,0.72051597051597,0.212584118753826,0.637747860759297,0.726351351351351,26,33,11,11,0,0
"cleveland_ncv_5x3_inner3_v1","cleveland_ncv_5x3_inner3_v1","Cleveland","decision_trees",2,4,3,12240103,"arvore_cp_0.005_profundidade_3",0.005,3,0.790123456790123,0.864864864864865,0.727272727272727,0.727272727272727,0.790123456790123,0.592137592137592,0.855958230958231,0.15123083290029,0.468698538788757,0.796068796068796,32,32,12,5,0,0
"cleveland_ncv_5x3_inner3_v1","cleveland_ncv_5x3_inner3_v1","Cleveland","decision_trees",2,4,1,12240201,"arvore_cp_0.01_profundidade_3",0.01,3,0.728395061728395,0.702702702702703,0.75,0.702702702702703,0.702702702702703,0.452702702702703,0.787469287469287,0.212394853014763,0.658233700183727,0.726351351351351,26,33,11,11,0,0
"cleveland_ncv_5x3_inner3_v1","cleveland_ncv_5x3_inner3_v1","Cleveland","decision_trees",2,4,2,12240202,"arvore_cp_0.01_profundidade_3",0.01,3,0.728395061728395,0.702702702702703,0.75,0.702702702702703,0.702702702702703,0.452702702702703,0.72051597051597,0.212584118753826,0.637747860759297,0.726351351351351,26,33,11,11,0,0
"cleveland_ncv_5x3_inner3_v1","cleveland_ncv_5x3_inner3_v1","Cleveland","decision_trees",2,4,3,12240203,"arvore_cp_0.01_profundidade_3",0.01,3,0.790123456790123,0.864864864864865,0.727272727272727,0.727272727272727,0.790123456790123,0.592137592137592,0.855958230958231,0.15123083290029,0.468698538788757,0.796068796068796,32,32,12,5,0,0
"cleveland_ncv_5x3_inner3_v1","cleveland_ncv_5x3_inner3_v1","Cleveland","decision_trees",2,4,1,12240301,"arvore_cp_0.02_profundidade_3",0.02,3,0.728395061728395,0.702702702702703,0.75,0.702702702702703,0.702702702702703,0.452702702702703,0.787469287469287,0.212394853014763,0.658233700183727,0.726351351351351,26,33,11,11,0,0
"cleveland_ncv_5x3_inner3_v1","cleveland_ncv_5x3_inner3_v1","Cleveland","decision_trees",2,4,2,12240302,"arvore_cp_0.02_profundidade_3",0.02,3,0.728395061728395,0.702702702702703,0.75,0.702702702702703,0.702702702702703,0.452702702702703,0.72051597051597,0.212584118753826,0.637747860759297,0.726351351351351,26,33,11,11,0,0
"cleveland_ncv_5x3_inner3_v1","cleveland_ncv_5x3_inner3_v1","Cleveland","decision_trees",2,4,3,12240303,"arvore_cp_0.02_profundidade_3",0.02,3,0.790123456790123,0.864864864864865,0.727272727272727,0.727272727272727,0.790123456790123,0.592137592137592,0.855958230958231,0.15123083290029,0.468698538788757,0.796068796068796,32,32,12,5,0,0
"cleveland_ncv_5x3_inner3_v1","cleveland_ncv_5x3_inner3_v1","Cleveland","decision_trees",2,4,1,12240401,"arvore_cp_0.005_profundidade_5",0.005,5,0.691358024691358,0.72972972972973,0.659090909090909,0.642857142857143,0.683544303797468,0.387631945611459,0.78009828009828,0.227339280436438,0.734804793703421,0.694410319410319,27,29,15,10,0,0
"cleveland_ncv_5x3_inner3_v1","cleveland_ncv_5x3_inner3_v1","Cleveland","decision_trees",2,4,2,12240402,"arvore_cp_0.005_profundidade_5",0.005,5,0.728395061728395,0.702702702702703,0.75,0.702702702702703,0.702702702702703,0.452702702702703,0.72051597051597,0.212584118753826,0.637747860759297,0.726351351351351,26,33,11,11,0,0
"cleveland_ncv_5x3_inner3_v1","cleveland_ncv_5x3_inner3_v1","Cleveland","decision_trees",2,4,3,12240403,"arvore_cp_0.005_profundidade_5",0.005,5,0.839506172839506,0.783783783783784,0.886363636363636,0.852941176470588,0.816901408450704,0.676408665650234,0.876228501228501,0.128706535870498,0.419813489393893,0.83507371007371,29,39,5,8,0,0
"cleveland_ncv_5x3_inner3_v1","cleveland_ncv_5x3_inner3_v1","Cleveland","decision_trees",2,4,1,12240501,"arvore_cp_0.01_profundidade_5",0.01,5,0.691358024691358,0.72972972972973,0.659090909090909,0.642857142857143,0.683544303797468,0.387631945611459,0.78009828009828,0.227339280436438,0.734804793703421,0.694410319410319,27,29,15,10,0,0
"cleveland_ncv_5x3_inner3_v1","cleveland_ncv_5x3_inner3_v1","Cleveland","decision_trees",2,4,2,12240502,"arvore_cp_0.01_profundidade_5",0.01,5,0.728395061728395,0.702702702702703,0.75,0.702702702702703,0.702702702702703,0.452702702702703,0.72051597051597,0.212584118753826,0.637747860759297,0.726351351351351,26,33,11,11,0,0
"cleveland_ncv_5x3_inner3_v1","cleveland_ncv_5x3_inner3_v1","Cleveland","decision_trees",2,4,3,12240503,"arvore_cp_0.01_profundidade_5",0.01,5,0.839506172839506,0.783783783783784,0.886363636363636,0.852941176470588,0.816901408450704,0.676408665650234,0.876228501228501,0.128706535870498,0.419813489393893,0.83507371007371,29,39,5,8,0,0
"cleveland_ncv_5x3_inner3_v1","cleveland_ncv_5x3_inner3_v1","Cleveland","decision_trees",2,4,1,12240601,"arvore_cp_0.02_profundidade_5",0.02,5,0.728395061728395,0.702702702702703,0.75,0.702702702702703,0.702702702702703,0.452702702702703,0.787469287469287,0.212394853014763,0.658233700183727,0.726351351351351,26,33,11,11,0,0
"cleveland_ncv_5x3_inner3_v1","cleveland_ncv_5x3_inner3_v1","Cleveland","decision_trees",2,4,2,12240602,"arvore_cp_0.02_profundidade_5",0.02,5,0.728395061728395,0.702702702702703,0.75,0.702702702702703,0.702702702702703,0.452702702702703,0.72051597051597,0.212584118753826,0.637747860759297,0.726351351351351,26,33,11,11,0,0
"cleveland_ncv_5x3_inner3_v1","cleveland_ncv_5x3_inner3_v1","Cleveland","decision_trees",2,4,3,12240603,"arvore_cp_0.02_profundidade_5",0.02,5,0.839506172839506,0.783783783783784,0.886363636363636,0.852941176470588,0.816901408450704,0.676408665650234,0.876228501228501,0.128706535870498,0.419813489393893,0.83507371007371,29,39,5,8,0,0
"cleveland_ncv_5x3_inner3_v1","cleveland_ncv_5x3_inner3_v1","Cleveland","decision_trees",2,5,1,12250101,"arvore_cp_0.005_profundidade_3",0.005,3,0.775,0.702702702702703,0.837209302325581,0.787878787878788,0.742857142857143,0.546829801608631,0.796668761785041,0.180998959588903,0.571861997864858,0.769956002514142,26,36,7,11,0,0
"cleveland_ncv_5x3_inner3_v1","cleveland_ncv_5x3_inner3_v1","Cleveland","decision_trees",2,5,2,12250102,"arvore_cp_0.005_profundidade_3",0.005,3,0.777777777777778,0.756756756756757,0.795454545454545,0.756756756756757,0.756756756756757,0.552211302211302,0.776412776412776,0.183606227961794,0.580549460492258,0.776105651105651,28,35,9,9,0,0
"cleveland_ncv_5x3_inner3_v1","cleveland_ncv_5x3_inner3_v1","Cleveland","decision_trees",2,5,3,12250103,"arvore_cp_0.005_profundidade_3",0.005,3,0.777777777777778,0.675675675675676,0.863636363636364,0.806451612903226,0.735294117647059,0.552715274374096,0.759213759213759,0.180636071802799,0.55630900642336,0.76965601965602,25,38,6,12,0,0
"cleveland_ncv_5x3_inner3_v1","cleveland_ncv_5x3_inner3_v1","Cleveland","decision_trees",2,5,1,12250201,"arvore_cp_0.01_profundidade_3",0.01,3,0.775,0.702702702702703,0.837209302325581,0.787878787878788,0.742857142857143,0.546829801608631,0.796668761785041,0.180998959588903,0.571861997864858,0.769956002514142,26,36,7,11,0,0
"cleveland_ncv_5x3_inner3_v1","cleveland_ncv_5x3_inner3_v1","Cleveland","decision_trees",2,5,2,12250202,"arvore_cp_0.01_profundidade_3",0.01,3,0.777777777777778,0.756756756756757,0.795454545454545,0.756756756756757,0.756756756756757,0.552211302211302,0.776412776412776,0.183606227961794,0.580549460492258,0.776105651105651,28,35,9,9,0,0
"cleveland_ncv_5x3_inner3_v1","cleveland_ncv_5x3_inner3_v1","Cleveland","decision_trees",2,5,3,12250203,"arvore_cp_0.01_profundidade_3",0.01,3,0.777777777777778,0.675675675675676,0.863636363636364,0.806451612903226,0.735294117647059,0.552715274374096,0.759213759213759,0.180636071802799,0.55630900642336,0.76965601965602,25,38,6,12,0,0
"cleveland_ncv_5x3_inner3_v1","cleveland_ncv_5x3_inner3_v1","Cleveland","decision_trees",2,5,1,12250301,"arvore_cp_0.02_profundidade_3",0.02,3,0.775,0.702702702702703,0.837209302325581,0.787878787878788,0.742857142857143,0.546829801608631,0.796668761785041,0.180998959588903,0.571861997864858,0.769956002514142,26,36,7,11,0,0
"cleveland_ncv_5x3_inner3_v1","cleveland_ncv_5x3_inner3_v1","Cleveland","decision_trees",2,5,2,12250302,"arvore_cp_0.02_profundidade_3",0.02,3,0.777777777777778,0.756756756756757,0.795454545454545,0.756756756756757,0.756756756756757,0.552211302211302,0.776412776412776,0.183606227961794,0.580549460492258,0.776105651105651,28,35,9,9,0,0
"cleveland_ncv_5x3_inner3_v1","cleveland_ncv_5x3_inner3_v1","Cleveland","decision_trees",2,5,3,12250303,"arvore_cp_0.02_profundidade_3",0.02,3,0.777777777777778,0.675675675675676,0.863636363636364,0.806451612903226,0.735294117647059,0.552715274374096,0.759213759213759,0.180636071802799,0.55630900642336,0.76965601965602,25,38,6,12,0,0
"cleveland_ncv_5x3_inner3_v1","cleveland_ncv_5x3_inner3_v1","Cleveland","decision_trees",2,5,1,12250401,"arvore_cp_0.005_profundidade_5",0.005,5,0.775,0.702702702702703,0.837209302325581,0.787878787878788,0.742857142857143,0.546829801608631,0.796668761785041,0.180998959588903,0.571861997864858,0.769956002514142,26,36,7,11,0,0
"cleveland_ncv_5x3_inner3_v1","cleveland_ncv_5x3_inner3_v1","Cleveland","decision_trees",2,5,2,12250402,"arvore_cp_0.005_profundidade_5",0.005,5,0.777777777777778,0.756756756756757,0.795454545454545,0.756756756756757,0.756756756756757,0.552211302211302,0.776412776412776,0.183606227961794,0.580549460492258,0.776105651105651,28,35,9,9,0,0
"cleveland_ncv_5x3_inner3_v1","cleveland_ncv_5x3_inner3_v1","Cleveland","decision_trees",2,5,3,12250403,"arvore_cp_0.005_profundidade_5",0.005,5,0.777777777777778,0.675675675675676,0.863636363636364,0.806451612903226,0.735294117647059,0.552715274374096,0.759213759213759,0.180636071802799,0.55630900642336,0.76965601965602,25,38,6,12,0,0
"cleveland_ncv_5x3_inner3_v1","cleveland_ncv_5x3_inner3_v1","Cleveland","decision_trees",2,5,1,12250501,"arvore_cp_0.01_profundidade_5",0.01,5,0.775,0.702702702702703,0.837209302325581,0.787878787878788,0.742857142857143,0.546829801608631,0.796668761785041,0.180998959588903,0.571861997864858,0.769956002514142,26,36,7,11,0,0
"cleveland_ncv_5x3_inner3_v1","cleveland_ncv_5x3_inner3_v1","Cleveland","decision_trees",2,5,2,12250502,"arvore_cp_0.01_profundidade_5",0.01,5,0.777777777777778,0.756756756756757,0.795454545454545,0.756756756756757,0.756756756756757,0.552211302211302,0.776412776412776,0.183606227961794,0.580549460492258,0.776105651105651,28,35,9,9,0,0
"cleveland_ncv_5x3_inner3_v1","cleveland_ncv_5x3_inner3_v1","Cleveland","decision_trees",2,5,3,12250503,"arvore_cp_0.01_profundidade_5",0.01,5,0.777777777777778,0.675675675675676,0.863636363636364,0.806451612903226,0.735294117647059,0.552715274374096,0.759213759213759,0.180636071802799,0.55630900642336,0.76965601965602,25,38,6,12,0,0
"cleveland_ncv_5x3_inner3_v1","cleveland_ncv_5x3_inner3_v1","Cleveland","decision_trees",2,5,1,12250601,"arvore_cp_0.02_profundidade_5",0.02,5,0.775,0.702702702702703,0.837209302325581,0.787878787878788,0.742857142857143,0.546829801608631,0.796668761785041,0.180998959588903,0.571861997864858,0.769956002514142,26,36,7,11,0,0
"cleveland_ncv_5x3_inner3_v1","cleveland_ncv_5x3_inner3_v1","Cleveland","decision_trees",2,5,2,12250602,"arvore_cp_0.02_profundidade_5",0.02,5,0.777777777777778,0.756756756756757,0.795454545454545,0.756756756756757,0.756756756756757,0.552211302211302,0.776412776412776,0.183606227961794,0.580549460492258,0.776105651105651,28,35,9,9,0,0
"cleveland_ncv_5x3_inner3_v1","cleveland_ncv_5x3_inner3_v1","Cleveland","decision_trees",2,5,3,12250603,"arvore_cp_0.02_profundidade_5",0.02,5,0.777777777777778,0.675675675675676,0.863636363636364,0.806451612903226,0.735294117647059,0.552715274374096,0.759213759213759,0.180636071802799,0.55630900642336,0.76965601965602,25,38,6,12,0,0
"cleveland_ncv_5x3_inner3_v1","cleveland_ncv_5x3_inner3_v1","Cleveland","decision_trees",3,1,1,12310101,"arvore_cp_0.005_profundidade_3",0.005,3,0.777777777777778,0.702702702702703,0.840909090909091,0.787878787878788,0.742857142857143,0.551110241535005,0.800675675675676,0.183508150343732,0.622590298238532,0.771805896805897,26,37,7,11,0,0
"cleveland_ncv_5x3_inner3_v1","cleveland_ncv_5x3_inner3_v1","Cleveland","decision_trees",3,1,2,12310102,"arvore_cp_0.005_profundidade_3",0.005,3,0.728395061728395,0.648648648648649,0.795454545454545,0.727272727272727,0.685714285714286,0.450229044779444,0.749385749385749,0.207427085900648,0.632829480133614,0.722051597051597,24,35,9,13,0,0
"cleveland_ncv_5x3_inner3_v1","cleveland_ncv_5x3_inner3_v1","Cleveland","decision_trees",3,1,3,12310103,"arvore_cp_0.005_profundidade_3",0.005,3,0.8,0.810810810810811,0.790697674418605,0.769230769230769,0.789473684210526,0.600001886782811,0.817724701445632,0.171855036782687,0.597189804733657,0.800754242614708,30,34,9,7,0,0
"cleveland_ncv_5x3_inner3_v1","cleveland_ncv_5x3_inner3_v1","Cleveland","decision_trees",3,1,1,12310201,"arvore_cp_0.01_profundidade_3",0.01,3,0.777777777777778,0.702702702702703,0.840909090909091,0.787878787878788,0.742857142857143,0.551110241535005,0.800675675675676,0.183508150343732,0.622590298238532,0.771805896805897,26,37,7,11,0,0
"cleveland_ncv_5x3_inner3_v1","cleveland_ncv_5x3_inner3_v1","Cleveland","decision_trees",3,1,2,12310202,"arvore_cp_0.01_profundidade_3",0.01,3,0.728395061728395,0.648648648648649,0.795454545454545,0.727272727272727,0.685714285714286,0.450229044779444,0.749385749385749,0.207427085900648,0.632829480133614,0.722051597051597,24,35,9,13,0,0
"cleveland_ncv_5x3_inner3_v1","cleveland_ncv_5x3_inner3_v1","Cleveland","decision_trees",3,1,3,12310203,"arvore_cp_0.01_profundidade_3",0.01,3,0.8,0.810810810810811,0.790697674418605,0.769230769230769,0.789473684210526,0.600001886782811,0.817724701445632,0.171855036782687,0.597189804733657,0.800754242614708,30,34,9,7,0,0
"cleveland_ncv_5x3_inner3_v1","cleveland_ncv_5x3_inner3_v1","Cleveland","decision_trees",3,1,1,12310301,"arvore_cp_0.02_profundidade_3",0.02,3,0.777777777777778,0.702702702702703,0.840909090909091,0.787878787878788,0.742857142857143,0.551110241535005,0.800675675675676,0.183508150343732,0.622590298238532,0.771805896805897,26,37,7,11,0,0
"cleveland_ncv_5x3_inner3_v1","cleveland_ncv_5x3_inner3_v1","Cleveland","decision_trees",3,1,2,12310302,"arvore_cp_0.02_profundidade_3",0.02,3,0.728395061728395,0.648648648648649,0.795454545454545,0.727272727272727,0.685714285714286,0.450229044779444,0.749385749385749,0.207427085900648,0.632829480133614,0.722051597051597,24,35,9,13,0,0
"cleveland_ncv_5x3_inner3_v1","cleveland_ncv_5x3_inner3_v1","Cleveland","decision_trees",3,1,3,12310303,"arvore_cp_0.02_profundidade_3",0.02,3,0.75,0.837837837837838,0.674418604651163,0.688888888888889,0.75609756097561,0.514851805232779,0.771527341294783,0.191220920138889,0.635492276564298,0.7561282212445,31,29,14,6,0,0
"cleveland_ncv_5x3_inner3_v1","cleveland_ncv_5x3_inner3_v1","Cleveland","decision_trees",3,1,1,12310401,"arvore_cp_0.005_profundidade_5",0.005,5,0.777777777777778,0.702702702702703,0.840909090909091,0.787878787878788,0.742857142857143,0.551110241535005,0.800675675675676,0.183508150343732,0.622590298238532,0.771805896805897,26,37,7,11,0,0
"cleveland_ncv_5x3_inner3_v1","cleveland_ncv_5x3_inner3_v1","Cleveland","decision_trees",3,1,2,12310402,"arvore_cp_0.005_profundidade_5",0.005,5,0.728395061728395,0.648648648648649,0.795454545454545,0.727272727272727,0.685714285714286,0.450229044779444,0.749385749385749,0.207427085900648,0.632829480133614,0.722051597051597,24,35,9,13,0,0
"cleveland_ncv_5x3_inner3_v1","cleveland_ncv_5x3_inner3_v1","Cleveland","decision_trees",3,1,3,12310403,"arvore_cp_0.005_profundidade_5",0.005,5,0.775,0.810810810810811,0.744186046511628,0.731707317073171,0.769230769230769,0.553606756561361,0.812067881835324,0.178690974282687,0.612366541713508,0.777498428661219,30,32,11,7,0,0
"cleveland_ncv_5x3_inner3_v1","cleveland_ncv_5x3_inner3_v1","Cleveland","decision_trees",3,1,1,12310501,"arvore_cp_0.01_profundidade_5",0.01,5,0.777777777777778,0.702702702702703,0.840909090909091,0.787878787878788,0.742857142857143,0.551110241535005,0.800675675675676,0.183508150343732,0.622590298238532,0.771805896805897,26,37,7,11,0,0
"cleveland_ncv_5x3_inner3_v1","cleveland_ncv_5x3_inner3_v1","Cleveland","decision_trees",3,1,2,12310502,"arvore_cp_0.01_profundidade_5",0.01,5,0.728395061728395,0.648648648648649,0.795454545454545,0.727272727272727,0.685714285714286,0.450229044779444,0.749385749385749,0.207427085900648,0.632829480133614,0.722051597051597,24,35,9,13,0,0
"cleveland_ncv_5x3_inner3_v1","cleveland_ncv_5x3_inner3_v1","Cleveland","decision_trees",3,1,3,12310503,"arvore_cp_0.01_profundidade_5",0.01,5,0.775,0.810810810810811,0.744186046511628,0.731707317073171,0.769230769230769,0.553606756561361,0.812067881835324,0.178690974282687,0.612366541713508,0.777498428661219,30,32,11,7,0,0
"cleveland_ncv_5x3_inner3_v1","cleveland_ncv_5x3_inner3_v1","Cleveland","decision_trees",3,1,1,12310601,"arvore_cp_0.02_profundidade_5",0.02,5,0.777777777777778,0.702702702702703,0.840909090909091,0.787878787878788,0.742857142857143,0.551110241535005,0.800675675675676,0.183508150343732,0.622590298238532,0.771805896805897,26,37,7,11,0,0
"cleveland_ncv_5x3_inner3_v1","cleveland_ncv_5x3_inner3_v1","Cleveland","decision_trees",3,1,2,12310602,"arvore_cp_0.02_profundidade_5",0.02,5,0.728395061728395,0.648648648648649,0.795454545454545,0.727272727272727,0.685714285714286,0.450229044779444,0.749385749385749,0.207427085900648,0.632829480133614,0.722051597051597,24,35,9,13,0,0
"cleveland_ncv_5x3_inner3_v1","cleveland_ncv_5x3_inner3_v1","Cleveland","decision_trees",3,1,3,12310603,"arvore_cp_0.02_profundidade_5",0.02,5,0.775,0.810810810810811,0.744186046511628,0.731707317073171,0.769230769230769,0.553606756561361,0.812067881835324,0.178690974282687,0.612366541713508,0.777498428661219,30,32,11,7,0,0
"cleveland_ncv_5x3_inner3_v1","cleveland_ncv_5x3_inner3_v1","Cleveland","decision_trees",3,2,1,12320101,"arvore_cp_0.005_profundidade_3",0.005,3,0.691358024691358,0.486486486486487,0.863636363636364,0.75,0.590163934426229,0.381948322269546,0.68458230958231,0.242903528911764,0.727661966888416,0.675061425061425,18,38,6,19,0,0
"cleveland_ncv_5x3_inner3_v1","cleveland_ncv_5x3_inner3_v1","Cleveland","decision_trees",3,2,2,12320102,"arvore_cp_0.005_profundidade_3",0.005,3,0.728395061728395,0.891891891891892,0.590909090909091,0.647058823529412,0.75,0.498023264071653,0.782555282555283,0.208427176268469,0.691968775548543,0.741400491400491,33,26,18,4,0,0
"cleveland_ncv_5x3_inner3_v1","cleveland_ncv_5x3_inner3_v1","Cleveland","decision_trees",3,2,3,12320103,"arvore_cp_0.005_profundidade_3",0.005,3,0.740740740740741,0.763157894736842,0.720930232558139,0.707317073170732,0.734177215189873,0.483201788814586,0.828947368421053,0.183932400102272,1.36461319990406,0.742044063647491,29,31,12,9,0,0
"cleveland_ncv_5x3_inner3_v1","cleveland_ncv_5x3_inner3_v1","Cleveland","decision_trees",3,2,1,12320201,"arvore_cp_0.01_profundidade_3",0.01,3,0.691358024691358,0.486486486486487,0.863636363636364,0.75,0.590163934426229,0.381948322269546,0.68458230958231,0.242903528911764,0.727661966888416,0.675061425061425,18,38,6,19,0,0
"cleveland_ncv_5x3_inner3_v1","cleveland_ncv_5x3_inner3_v1","Cleveland","decision_trees",3,2,2,12320202,"arvore_cp_0.01_profundidade_3",0.01,3,0.728395061728395,0.891891891891892,0.590909090909091,0.647058823529412,0.75,0.498023264071653,0.782555282555283,0.208427176268469,0.691968775548543,0.741400491400491,33,26,18,4,0,0
"cleveland_ncv_5x3_inner3_v1","cleveland_ncv_5x3_inner3_v1","Cleveland","decision_trees",3,2,3,12320203,"arvore_cp_0.01_profundidade_3",0.01,3,0.740740740740741,0.763157894736842,0.720930232558139,0.707317073170732,0.734177215189873,0.483201788814586,0.828947368421053,0.183932400102272,1.36461319990406,0.742044063647491,29,31,12,9,0,0
"cleveland_ncv_5x3_inner3_v1","cleveland_ncv_5x3_inner3_v1","Cleveland","decision_trees",3,2,1,12320301,"arvore_cp_0.02_profundidade_3",0.02,3,0.691358024691358,0.486486486486487,0.863636363636364,0.75,0.590163934426229,0.381948322269546,0.68458230958231,0.242903528911764,0.727661966888416,0.675061425061425,18,38,6,19,0,0
"cleveland_ncv_5x3_inner3_v1","cleveland_ncv_5x3_inner3_v1","Cleveland","decision_trees",3,2,2,12320302,"arvore_cp_0.02_profundidade_3",0.02,3,0.728395061728395,0.891891891891892,0.590909090909091,0.647058823529412,0.75,0.498023264071653,0.782555282555283,0.208427176268469,0.691968775548543,0.741400491400491,33,26,18,4,0,0
"cleveland_ncv_5x3_inner3_v1","cleveland_ncv_5x3_inner3_v1","Cleveland","decision_trees",3,2,3,12320303,"arvore_cp_0.02_profundidade_3",0.02,3,0.740740740740741,0.763157894736842,0.720930232558139,0.707317073170732,0.734177215189873,0.483201788814586,0.828947368421053,0.183932400102272,1.36461319990406,0.742044063647491,29,31,12,9,0,0
"cleveland_ncv_5x3_inner3_v1","cleveland_ncv_5x3_inner3_v1","Cleveland","decision_trees",3,2,1,12320401,"arvore_cp_0.005_profundidade_5",0.005,5,0.740740740740741,0.621621621621622,0.840909090909091,0.766666666666667,0.686567164179104,0.477113890389255,0.807739557739558,0.208228220524595,0.666743891975964,0.731265356265356,23,37,7,14,0,0
"cleveland_ncv_5x3_inner3_v1","cleveland_ncv_5x3_inner3_v1","Cleveland","decision_trees",3,2,2,12320402,"arvore_cp_0.005_profundidade_5",0.005,5,0.802469135802469,0.864864864864865,0.75,0.744186046511628,0.8,0.613734943790839,0.792690417690418,0.188056805898098,0.646917096869858,0.807432432432432,32,33,11,5,0,0
"cleveland_ncv_5x3_inner3_v1","cleveland_ncv_5x3_inner3_v1","Cleveland","decision_trees",3,2,3,12320403,"arvore_cp_0.005_profundidade_5",0.005,5,0.691358024691358,0.815789473684211,0.581395348837209,0.63265306122449,0.71264367816092,0.405457783145818,0.805997552019584,0.212724403586313,1.46940099931215,0.69859241126071,31,25,18,7,0,0
"cleveland_ncv_5x3_inner3_v1","cleveland_ncv_5x3_inner3_v1","Cleveland","decision_trees",3,2,1,12320501,"arvore_cp_0.01_profundidade_5",0.01,5,0.740740740740741,0.621621621621622,0.840909090909091,0.766666666666667,0.686567164179104,0.477113890389255,0.807739557739558,0.208228220524595,0.666743891975964,0.731265356265356,23,37,7,14,0,0
"cleveland_ncv_5x3_inner3_v1","cleveland_ncv_5x3_inner3_v1","Cleveland","decision_trees",3,2,2,12320502,"arvore_cp_0.01_profundidade_5",0.01,5,0.802469135802469,0.864864864864865,0.75,0.744186046511628,0.8,0.613734943790839,0.792690417690418,0.188056805898098,0.646917096869858,0.807432432432432,32,33,11,5,0,0
"cleveland_ncv_5x3_inner3_v1","cleveland_ncv_5x3_inner3_v1","Cleveland","decision_trees",3,2,3,12320503,"arvore_cp_0.01_profundidade_5",0.01,5,0.691358024691358,0.815789473684211,0.581395348837209,0.63265306122449,0.71264367816092,0.405457783145818,0.805997552019584,0.212724403586313,1.46940099931215,0.69859241126071,31,25,18,7,0,0
"cleveland_ncv_5x3_inner3_v1","cleveland_ncv_5x3_inner3_v1","Cleveland","decision_trees",3,2,1,12320601,"arvore_cp_0.02_profundidade_5",0.02,5,0.691358024691358,0.486486486486487,0.863636363636364,0.75,0.590163934426229,0.381948322269546,0.68458230958231,0.242903528911764,0.727661966888416,0.675061425061425,18,38,6,19,0,0
"cleveland_ncv_5x3_inner3_v1","cleveland_ncv_5x3_inner3_v1","Cleveland","decision_trees",3,2,2,12320602,"arvore_cp_0.02_profundidade_5",0.02,5,0.802469135802469,0.864864864864865,0.75,0.744186046511628,0.8,0.613734943790839,0.792690417690418,0.188056805898098,0.646917096869858,0.807432432432432,32,33,11,5,0,0
"cleveland_ncv_5x3_inner3_v1","cleveland_ncv_5x3_inner3_v1","Cleveland","decision_trees",3,2,3,12320603,"arvore_cp_0.02_profundidade_5",0.02,5,0.691358024691358,0.763157894736842,0.627906976744186,0.644444444444444,0.698795180722892,0.392751022879728,0.812729498164015,0.208119973990949,1.45094032406053,0.695532435740514,29,27,16,9,0,0
"cleveland_ncv_5x3_inner3_v1","cleveland_ncv_5x3_inner3_v1","Cleveland","decision_trees",3,3,1,12330101,"arvore_cp_0.005_profundidade_3",0.005,3,0.75,0.783783783783784,0.720930232558139,0.707317073170732,0.743589743589744,0.503449859024658,0.792269013199246,0.191265129533877,0.596443186680648,0.752357008170962,29,31,12,8,0,0
"cleveland_ncv_5x3_inner3_v1","cleveland_ncv_5x3_inner3_v1","Cleveland","decision_trees",3,3,2,12330102,"arvore_cp_0.005_profundidade_3",0.005,3,0.839506172839506,0.810810810810811,0.863636363636364,0.833333333333333,0.821917808219178,0.676110425245246,0.878378378378378,0.129460117835076,0.456891962637911,0.837223587223587,30,38,6,7,0,0
"cleveland_ncv_5x3_inner3_v1","cleveland_ncv_5x3_inner3_v1","Cleveland","decision_trees",3,3,3,12330103,"arvore_cp_0.005_profundidade_3",0.005,3,0.753086419753086,0.621621621621622,0.863636363636364,0.793103448275862,0.696969696969697,0.504195796060543,0.797297297297297,0.194640814614331,0.593338534015364,0.742628992628993,23,38,6,14,0,0
"cleveland_ncv_5x3_inner3_v1","cleveland_ncv_5x3_inner3_v1","Cleveland","decision_trees",3,3,1,12330201,"arvore_cp_0.01_profundidade_3",0.01,3,0.75,0.783783783783784,0.720930232558139,0.707317073170732,0.743589743589744,0.503449859024658,0.792269013199246,0.191265129533877,0.596443186680648,0.752357008170962,29,31,12,8,0,0
"cleveland_ncv_5x3_inner3_v1","cleveland_ncv_5x3_inner3_v1","Cleveland","decision_trees",3,3,2,12330202,"arvore_cp_0.01_profundidade_3",0.01,3,0.839506172839506,0.810810810810811,0.863636363636364,0.833333333333333,0.821917808219178,0.676110425245246,0.878378378378378,0.129460117835076,0.456891962637911,0.837223587223587,30,38,6,7,0,0
"cleveland_ncv_5x3_inner3_v1","cleveland_ncv_5x3_inner3_v1","Cleveland","decision_trees",3,3,3,12330203,"arvore_cp_0.01_profundidade_3",0.01,3,0.753086419753086,0.621621621621622,0.863636363636364,0.793103448275862,0.696969696969697,0.504195796060543,0.797297297297297,0.194640814614331,0.593338534015364,0.742628992628993,23,38,6,14,0,0
"cleveland_ncv_5x3_inner3_v1","cleveland_ncv_5x3_inner3_v1","Cleveland","decision_trees",3,3,1,12330301,"arvore_cp_0.02_profundidade_3",0.02,3,0.75,0.783783783783784,0.720930232558139,0.707317073170732,0.743589743589744,0.503449859024658,0.792269013199246,0.191265129533877,0.596443186680648,0.752357008170962,29,31,12,8,0,0
"cleveland_ncv_5x3_inner3_v1","cleveland_ncv_5x3_inner3_v1","Cleveland","decision_trees",3,3,2,12330302,"arvore_cp_0.02_profundidade_3",0.02,3,0.839506172839506,0.810810810810811,0.863636363636364,0.833333333333333,0.821917808219178,0.676110425245246,0.878378378378378,0.129460117835076,0.456891962637911,0.837223587223587,30,38,6,7,0,0
"cleveland_ncv_5x3_inner3_v1","cleveland_ncv_5x3_inner3_v1","Cleveland","decision_trees",3,3,3,12330303,"arvore_cp_0.02_profundidade_3",0.02,3,0.753086419753086,0.621621621621622,0.863636363636364,0.793103448275862,0.696969696969697,0.504195796060543,0.797297297297297,0.194640814614331,0.593338534015364,0.742628992628993,23,38,6,14,0,0
"cleveland_ncv_5x3_inner3_v1","cleveland_ncv_5x3_inner3_v1","Cleveland","decision_trees",3,3,1,12330401,"arvore_cp_0.005_profundidade_5",0.005,5,0.75,0.783783783783784,0.720930232558139,0.707317073170732,0.743589743589744,0.503449859024658,0.792269013199246,0.191265129533877,0.596443186680648,0.752357008170962,29,31,12,8,0,0
"cleveland_ncv_5x3_inner3_v1","cleveland_ncv_5x3_inner3_v1","Cleveland","decision_trees",3,3,2,12330402,"arvore_cp_0.005_profundidade_5",0.005,5,0.839506172839506,0.810810810810811,0.863636363636364,0.833333333333333,0.821917808219178,0.676110425245246,0.878378378378378,0.129460117835076,0.456891962637911,0.837223587223587,30,38,6,7,0,0
"cleveland_ncv_5x3_inner3_v1","cleveland_ncv_5x3_inner3_v1","Cleveland","decision_trees",3,3,3,12330403,"arvore_cp_0.005_profundidade_5",0.005,5,0.728395061728395,0.648648648648649,0.795454545454545,0.727272727272727,0.685714285714286,0.450229044779444,0.791154791154791,0.197701124931458,1.4438294286096,0.722051597051597,24,35,9,13,0,0
"cleveland_ncv_5x3_inner3_v1","cleveland_ncv_5x3_inner3_v1","Cleveland","decision_trees",3,3,1,12330501,"arvore_cp_0.01_profundidade_5",0.01,5,0.75,0.783783783783784,0.720930232558139,0.707317073170732,0.743589743589744,0.503449859024658,0.792269013199246,0.191265129533877,0.596443186680648,0.752357008170962,29,31,12,8,0,0
"cleveland_ncv_5x3_inner3_v1","cleveland_ncv_5x3_inner3_v1","Cleveland","decision_trees",3,3,2,12330502,"arvore_cp_0.01_profundidade_5",0.01,5,0.839506172839506,0.810810810810811,0.863636363636364,0.833333333333333,0.821917808219178,0.676110425245246,0.878378378378378,0.129460117835076,0.456891962637911,0.837223587223587,30,38,6,7,0,0
"cleveland_ncv_5x3_inner3_v1","cleveland_ncv_5x3_inner3_v1","Cleveland","decision_trees",3,3,3,12330503,"arvore_cp_0.01_profundidade_5",0.01,5,0.777777777777778,0.594594594594595,0.931818181818182,0.88,0.709677419354839,0.56766171351415,0.808046683046683,0.180025601260358,0.556358442334646,0.763206388206388,22,41,3,15,0,0
"cleveland_ncv_5x3_inner3_v1","cleveland_ncv_5x3_inner3_v1","Cleveland","decision_trees",3,3,1,12330601,"arvore_cp_0.02_profundidade_5",0.02,5,0.75,0.783783783783784,0.720930232558139,0.707317073170732,0.743589743589744,0.503449859024658,0.792269013199246,0.191265129533877,0.596443186680648,0.752357008170962,29,31,12,8,0,0
"cleveland_ncv_5x3_inner3_v1","cleveland_ncv_5x3_inner3_v1","Cleveland","decision_trees",3,3,2,12330602,"arvore_cp_0.02_profundidade_5",0.02,5,0.839506172839506,0.810810810810811,0.863636363636364,0.833333333333333,0.821917808219178,0.676110425245246,0.878378378378378,0.129460117835076,0.456891962637911,0.837223587223587,30,38,6,7,0,0
"cleveland_ncv_5x3_inner3_v1","cleveland_ncv_5x3_inner3_v1","Cleveland","decision_trees",3,3,3,12330603,"arvore_cp_0.02_profundidade_5",0.02,5,0.753086419753086,0.621621621621622,0.863636363636364,0.793103448275862,0.696969696969697,0.504195796060543,0.797297297297297,0.194640814614331,0.593338534015364,0.742628992628993,23,38,6,14,0,0
"cleveland_ncv_5x3_inner3_v1","cleveland_ncv_5x3_inner3_v1","Cleveland","decision_trees",3,4,1,12340101,"arvore_cp_0.005_profundidade_3",0.005,3,0.6625,0.594594594594595,0.720930232558139,0.647058823529412,0.619718309859155,0.318236693136549,0.712759270898806,0.245131928814635,1.18595735807242,0.657762413576367,22,31,12,15,0,0
"cleveland_ncv_5x3_inner3_v1","cleveland_ncv_5x3_inner3_v1","Cleveland","decision_trees",3,4,2,12340102,"arvore_cp_0.005_profundidade_3",0.005,3,0.814814814814815,0.756756756756757,0.863636363636364,0.823529411764706,0.788732394366197,0.626189507155579,0.880835380835381,0.137440203110317,0.434098217297839,0.81019656019656,28,38,6,9,0,0
"cleveland_ncv_5x3_inner3_v1","cleveland_ncv_5x3_inner3_v1","Cleveland","decision_trees",3,4,3,12340103,"arvore_cp_0.005_profundidade_3",0.005,3,0.814814814814815,0.783783783783784,0.840909090909091,0.805555555555556,0.794520547945205,0.62623342666158,0.863636363636364,0.14835740287809,0.476281466498733,0.812346437346437,29,37,7,8,0,0
"cleveland_ncv_5x3_inner3_v1","cleveland_ncv_5x3_inner3_v1","Cleveland","decision_trees",3,4,1,12340201,"arvore_cp_0.01_profundidade_3",0.01,3,0.6625,0.594594594594595,0.720930232558139,0.647058823529412,0.619718309859155,0.318236693136549,0.712759270898806,0.245131928814635,1.18595735807242,0.657762413576367,22,31,12,15,0,0
"cleveland_ncv_5x3_inner3_v1","cleveland_ncv_5x3_inner3_v1","Cleveland","decision_trees",3,4,2,12340202,"arvore_cp_0.01_profundidade_3",0.01,3,0.814814814814815,0.756756756756757,0.863636363636364,0.823529411764706,0.788732394366197,0.626189507155579,0.880835380835381,0.137440203110317,0.434098217297839,0.81019656019656,28,38,6,9,0,0
"cleveland_ncv_5x3_inner3_v1","cleveland_ncv_5x3_inner3_v1","Cleveland","decision_trees",3,4,3,12340203,"arvore_cp_0.01_profundidade_3",0.01,3,0.814814814814815,0.783783783783784,0.840909090909091,0.805555555555556,0.794520547945205,0.62623342666158,0.863636363636364,0.14835740287809,0.476281466498733,0.812346437346437,29,37,7,8,0,0
"cleveland_ncv_5x3_inner3_v1","cleveland_ncv_5x3_inner3_v1","Cleveland","decision_trees",3,4,1,12340301,"arvore_cp_0.02_profundidade_3",0.02,3,0.6625,0.594594594594595,0.720930232558139,0.647058823529412,0.619718309859155,0.318236693136549,0.712759270898806,0.245131928814635,1.18595735807242,0.657762413576367,22,31,12,15,0,0
"cleveland_ncv_5x3_inner3_v1","cleveland_ncv_5x3_inner3_v1","Cleveland","decision_trees",3,4,2,12340302,"arvore_cp_0.02_profundidade_3",0.02,3,0.814814814814815,0.756756756756757,0.863636363636364,0.823529411764706,0.788732394366197,0.626189507155579,0.880835380835381,0.137440203110317,0.434098217297839,0.81019656019656,28,38,6,9,0,0
"cleveland_ncv_5x3_inner3_v1","cleveland_ncv_5x3_inner3_v1","Cleveland","decision_trees",3,4,3,12340303,"arvore_cp_0.02_profundidade_3",0.02,3,0.814814814814815,0.783783783783784,0.840909090909091,0.805555555555556,0.794520547945205,0.62623342666158,0.863636363636364,0.14835740287809,0.476281466498733,0.812346437346437,29,37,7,8,0,0
"cleveland_ncv_5x3_inner3_v1","cleveland_ncv_5x3_inner3_v1","Cleveland","decision_trees",3,4,1,12340401,"arvore_cp_0.005_profundidade_5",0.005,5,0.6625,0.594594594594595,0.720930232558139,0.647058823529412,0.619718309859155,0.318236693136549,0.712759270898806,0.245131928814635,1.18595735807242,0.657762413576367,22,31,12,15,0,0
"cleveland_ncv_5x3_inner3_v1","cleveland_ncv_5x3_inner3_v1","Cleveland","decision_trees",3,4,2,12340402,"arvore_cp_0.005_profundidade_5",0.005,5,0.814814814814815,0.756756756756757,0.863636363636364,0.823529411764706,0.788732394366197,0.626189507155579,0.880835380835381,0.137440203110317,0.434098217297839,0.81019656019656,28,38,6,9,0,0
"cleveland_ncv_5x3_inner3_v1","cleveland_ncv_5x3_inner3_v1","Cleveland","decision_trees",3,4,3,12340403,"arvore_cp_0.005_profundidade_5",0.005,5,0.814814814814815,0.783783783783784,0.840909090909091,0.805555555555556,0.794520547945205,0.62623342666158,0.863636363636364,0.14835740287809,0.476281466498733,0.812346437346437,29,37,7,8,0,0
"cleveland_ncv_5x3_inner3_v1","cleveland_ncv_5x3_inner3_v1","Cleveland","decision_trees",3,4,1,12340501,"arvore_cp_0.01_profundidade_5",0.01,5,0.6625,0.594594594594595,0.720930232558139,0.647058823529412,0.619718309859155,0.318236693136549,0.712759270898806,0.245131928814635,1.18595735807242,0.657762413576367,22,31,12,15,0,0
"cleveland_ncv_5x3_inner3_v1","cleveland_ncv_5x3_inner3_v1","Cleveland","decision_trees",3,4,2,12340502,"arvore_cp_0.01_profundidade_5",0.01,5,0.814814814814815,0.756756756756757,0.863636363636364,0.823529411764706,0.788732394366197,0.626189507155579,0.880835380835381,0.137440203110317,0.434098217297839,0.81019656019656,28,38,6,9,0,0
"cleveland_ncv_5x3_inner3_v1","cleveland_ncv_5x3_inner3_v1","Cleveland","decision_trees",3,4,3,12340503,"arvore_cp_0.01_profundidade_5",0.01,5,0.814814814814815,0.783783783783784,0.840909090909091,0.805555555555556,0.794520547945205,0.62623342666158,0.863636363636364,0.14835740287809,0.476281466498733,0.812346437346437,29,37,7,8,0,0
"cleveland_ncv_5x3_inner3_v1","cleveland_ncv_5x3_inner3_v1","Cleveland","decision_trees",3,4,1,12340601,"arvore_cp_0.02_profundidade_5",0.02,5,0.6625,0.594594594594595,0.720930232558139,0.647058823529412,0.619718309859155,0.318236693136549,0.712759270898806,0.245131928814635,1.18595735807242,0.657762413576367,22,31,12,15,0,0
"cleveland_ncv_5x3_inner3_v1","cleveland_ncv_5x3_inner3_v1","Cleveland","decision_trees",3,4,2,12340602,"arvore_cp_0.02_profundidade_5",0.02,5,0.814814814814815,0.756756756756757,0.863636363636364,0.823529411764706,0.788732394366197,0.626189507155579,0.880835380835381,0.137440203110317,0.434098217297839,0.81019656019656,28,38,6,9,0,0
"cleveland_ncv_5x3_inner3_v1","cleveland_ncv_5x3_inner3_v1","Cleveland","decision_trees",3,4,3,12340603,"arvore_cp_0.02_profundidade_5",0.02,5,0.814814814814815,0.783783783783784,0.840909090909091,0.805555555555556,0.794520547945205,0.62623342666158,0.863636363636364,0.14835740287809,0.476281466498733,0.812346437346437,29,37,7,8,0,0
"cleveland_ncv_5x3_inner3_v1","cleveland_ncv_5x3_inner3_v1","Cleveland","decision_trees",3,5,1,12350101,"arvore_cp_0.005_profundidade_3",0.005,3,0.765432098765432,0.675675675675676,0.840909090909091,0.78125,0.72463768115942,0.52637562045783,0.856879606879607,0.155853482263094,1.2920915125045,0.758292383292383,25,37,7,12,0,0
"cleveland_ncv_5x3_inner3_v1","cleveland_ncv_5x3_inner3_v1","Cleveland","decision_trees",3,5,2,12350102,"arvore_cp_0.005_profundidade_3",0.005,3,0.777777777777778,0.702702702702703,0.840909090909091,0.787878787878788,0.742857142857143,0.551110241535005,0.759520884520885,0.199739059500704,1.03224114229326,0.771805896805897,26,37,7,11,0,0
"cleveland_ncv_5x3_inner3_v1","cleveland_ncv_5x3_inner3_v1","Cleveland","decision_trees",3,5,3,12350103,"arvore_cp_0.005_profundidade_3",0.005,3,0.802469135802469,0.702702702702703,0.886363636363636,0.838709677419355,0.764705882352941,0.603706091258267,0.79514742014742,0.167050172748321,0.531702605920902,0.79453316953317,26,39,5,11,0,0
"cleveland_ncv_5x3_inner3_v1","cleveland_ncv_5x3_inner3_v1","Cleveland","decision_trees",3,5,1,12350201,"arvore_cp_0.01_profundidade_3",0.01,3,0.765432098765432,0.675675675675676,0.840909090909091,0.78125,0.72463768115942,0.52637562045783,0.856879606879607,0.155853482263094,1.2920915125045,0.758292383292383,25,37,7,12,0,0
"cleveland_ncv_5x3_inner3_v1","cleveland_ncv_5x3_inner3_v1","Cleveland","decision_trees",3,5,2,12350202,"arvore_cp_0.01_profundidade_3",0.01,3,0.777777777777778,0.702702702702703,0.840909090909091,0.787878787878788,0.742857142857143,0.551110241535005,0.759520884520885,0.199739059500704,1.03224114229326,0.771805896805897,26,37,7,11,0,0
"cleveland_ncv_5x3_inner3_v1","cleveland_ncv_5x3_inner3_v1","Cleveland","decision_trees",3,5,3,12350203,"arvore_cp_0.01_profundidade_3",0.01,3,0.802469135802469,0.702702702702703,0.886363636363636,0.838709677419355,0.764705882352941,0.603706091258267,0.79514742014742,0.167050172748321,0.531702605920902,0.79453316953317,26,39,5,11,0,0
"cleveland_ncv_5x3_inner3_v1","cleveland_ncv_5x3_inner3_v1","Cleveland","decision_trees",3,5,1,12350301,"arvore_cp_0.02_profundidade_3",0.02,3,0.765432098765432,0.675675675675676,0.840909090909091,0.78125,0.72463768115942,0.52637562045783,0.856879606879607,0.155853482263094,1.2920915125045,0.758292383292383,25,37,7,12,0,0
"cleveland_ncv_5x3_inner3_v1","cleveland_ncv_5x3_inner3_v1","Cleveland","decision_trees",3,5,2,12350302,"arvore_cp_0.02_profundidade_3",0.02,3,0.777777777777778,0.702702702702703,0.840909090909091,0.787878787878788,0.742857142857143,0.551110241535005,0.759520884520885,0.199739059500704,1.03224114229326,0.771805896805897,26,37,7,11,0,0
"cleveland_ncv_5x3_inner3_v1","cleveland_ncv_5x3_inner3_v1","Cleveland","decision_trees",3,5,3,12350303,"arvore_cp_0.02_profundidade_3",0.02,3,0.802469135802469,0.702702702702703,0.886363636363636,0.838709677419355,0.764705882352941,0.603706091258267,0.79514742014742,0.167050172748321,0.531702605920902,0.79453316953317,26,39,5,11,0,0
"cleveland_ncv_5x3_inner3_v1","cleveland_ncv_5x3_inner3_v1","Cleveland","decision_trees",3,5,1,12350401,"arvore_cp_0.005_profundidade_5",0.005,5,0.765432098765432,0.675675675675676,0.840909090909091,0.78125,0.72463768115942,0.52637562045783,0.856879606879607,0.155853482263094,1.2920915125045,0.758292383292383,25,37,7,12,0,0
"cleveland_ncv_5x3_inner3_v1","cleveland_ncv_5x3_inner3_v1","Cleveland","decision_trees",3,5,2,12350402,"arvore_cp_0.005_profundidade_5",0.005,5,0.777777777777778,0.702702702702703,0.840909090909091,0.787878787878788,0.742857142857143,0.551110241535005,0.759520884520885,0.199739059500704,1.03224114229326,0.771805896805897,26,37,7,11,0,0
"cleveland_ncv_5x3_inner3_v1","cleveland_ncv_5x3_inner3_v1","Cleveland","decision_trees",3,5,3,12350403,"arvore_cp_0.005_profundidade_5",0.005,5,0.777777777777778,0.72972972972973,0.818181818181818,0.771428571428571,0.75,0.550965894232025,0.796990171990172,0.168275091751429,0.530179976029138,0.773955773955774,27,36,8,10,0,0
"cleveland_ncv_5x3_inner3_v1","cleveland_ncv_5x3_inner3_v1","Cleveland","decision_trees",3,5,1,12350501,"arvore_cp_0.01_profundidade_5",0.01,5,0.765432098765432,0.675675675675676,0.840909090909091,0.78125,0.72463768115942,0.52637562045783,0.856879606879607,0.155853482263094,1.2920915125045,0.758292383292383,25,37,7,12,0,0
"cleveland_ncv_5x3_inner3_v1","cleveland_ncv_5x3_inner3_v1","Cleveland","decision_trees",3,5,2,12350502,"arvore_cp_0.01_profundidade_5",0.01,5,0.777777777777778,0.702702702702703,0.840909090909091,0.787878787878788,0.742857142857143,0.551110241535005,0.759520884520885,0.199739059500704,1.03224114229326,0.771805896805897,26,37,7,11,0,0
"cleveland_ncv_5x3_inner3_v1","cleveland_ncv_5x3_inner3_v1","Cleveland","decision_trees",3,5,3,12350503,"arvore_cp_0.01_profundidade_5",0.01,5,0.777777777777778,0.72972972972973,0.818181818181818,0.771428571428571,0.75,0.550965894232025,0.796990171990172,0.168275091751429,0.530179976029138,0.773955773955774,27,36,8,10,0,0
"cleveland_ncv_5x3_inner3_v1","cleveland_ncv_5x3_inner3_v1","Cleveland","decision_trees",3,5,1,12350601,"arvore_cp_0.02_profundidade_5",0.02,5,0.765432098765432,0.675675675675676,0.840909090909091,0.78125,0.72463768115942,0.52637562045783,0.856879606879607,0.155853482263094,1.2920915125045,0.758292383292383,25,37,7,12,0,0
"cleveland_ncv_5x3_inner3_v1","cleveland_ncv_5x3_inner3_v1","Cleveland","decision_trees",3,5,2,12350602,"arvore_cp_0.02_profundidade_5",0.02,5,0.777777777777778,0.702702702702703,0.840909090909091,0.787878787878788,0.742857142857143,0.551110241535005,0.759520884520885,0.199739059500704,1.03224114229326,0.771805896805897,26,37,7,11,0,0
"cleveland_ncv_5x3_inner3_v1","cleveland_ncv_5x3_inner3_v1","Cleveland","decision_trees",3,5,3,12350603,"arvore_cp_0.02_profundidade_5",0.02,5,0.777777777777778,0.72972972972973,0.818181818181818,0.771428571428571,0.75,0.550965894232025,0.796990171990172,0.168275091751429,0.530179976029138,0.773955773955774,27,36,8,10,0,0
