"Protocolo","Execucao","Base","Algoritmo","Repeticao","Fold_Externo","Fold_Interno","Semente","Configuracao","laplace","usar_kernel","ajuste","Acuracia","Sensibilidade","Especificidade","Precisao","F1","MCC","ROC_AUC","Brier","Log_Loss","Acuracia_Balanceada","VP","VN","FP","FN","Precisao_Denominador_Zero","MCC_Denominador_Zero"
"cleveland_ncv_5x3_inner3_v1","cleveland_ncv_5x3_inner3_v1","Cleveland","naive_bayes",1,1,1,11110101,"gaussiano",1,FALSE,NA,0.8,0.810810810810811,0.790697674418605,0.769230769230769,0.789473684210526,0.600001886782811,0.856065367693275,0.165572831733699,0.738912616571261,0.800754242614708,30,34,9,7,0,0
"cleveland_ncv_5x3_inner3_v1","cleveland_ncv_5x3_inner3_v1","Cleveland","naive_bayes",1,1,2,11110102,"gaussiano",1,FALSE,NA,0.814814814814815,0.864864864864865,0.772727272727273,0.761904761904762,0.810126582278481,0.635642906073767,0.904791154791155,0.132547148578258,0.474416575688376,0.818796068796069,32,34,10,5,0,0
"cleveland_ncv_5x3_inner3_v1","cleveland_ncv_5x3_inner3_v1","Cleveland","naive_bayes",1,1,3,11110103,"gaussiano",1,FALSE,NA,0.864197530864197,0.756756756756757,0.954545454545455,0.933333333333333,0.835820895522388,0.733728931036863,0.925061425061425,0.112875401312825,0.401364821542264,0.855651105651106,28,42,2,9,0,0
"cleveland_ncv_5x3_inner3_v1","cleveland_ncv_5x3_inner3_v1","Cleveland","naive_bayes",1,1,1,11110201,"kde",1,TRUE,1,0.7625,0.810810810810811,0.720930232558139,0.714285714285714,0.759493670886076,0.530907462289918,0.86926461345066,0.163992618323095,0.595000523462966,0.765870521684475,30,31,12,7,0,0
"cleveland_ncv_5x3_inner3_v1","cleveland_ncv_5x3_inner3_v1","Cleveland","naive_bayes",1,1,2,11110202,"kde",1,TRUE,1,0.777777777777778,0.756756756756757,0.795454545454545,0.756756756756757,0.756756756756757,0.552211302211302,0.87960687960688,0.162353281712433,0.529623410372827,0.776105651105651,28,35,9,9,0,0
"cleveland_ncv_5x3_inner3_v1","cleveland_ncv_5x3_inner3_v1","Cleveland","naive_bayes",1,1,3,11110203,"kde",1,TRUE,1,0.864197530864197,0.756756756756757,0.954545454545455,0.933333333333333,0.835820895522388,0.733728931036863,0.942874692874693,0.107350523330812,0.370530751638983,0.855651105651106,28,42,2,9,0,0
"cleveland_ncv_5x3_inner3_v1","cleveland_ncv_5x3_inner3_v1","Cleveland","naive_bayes",1,2,1,11120101,"gaussiano",1,FALSE,NA,0.8,0.810810810810811,0.790697674418605,0.769230769230769,0.789473684210526,0.600001886782811,0.909490886235072,0.139222457787686,0.48029579575582,0.800754242614708,30,34,9,7,0,0
"cleveland_ncv_5x3_inner3_v1","cleveland_ncv_5x3_inner3_v1","Cleveland","naive_bayes",1,2,2,11120102,"gaussiano",1,FALSE,NA,0.851851851851852,0.837837837837838,0.863636363636364,0.837837837837838,0.837837837837838,0.701474201474201,0.906633906633907,0.128442097492982,0.507210717593696,0.850737100737101,31,38,6,6,0,0
"cleveland_ncv_5x3_inner3_v1","cleveland_ncv_5x3_inner3_v1","Cleveland","naive_bayes",1,2,3,11120103,"gaussiano",1,FALSE,NA,0.839506172839506,0.783783783783784,0.886363636363636,0.852941176470588,0.816901408450704,0.676408665650234,0.913390663390663,0.120218630388727,0.533881110866984,0.83507371007371,29,39,5,8,0,0
"cleveland_ncv_5x3_inner3_v1","cleveland_ncv_5x3_inner3_v1","Cleveland","naive_bayes",1,2,1,11120201,"kde",1,TRUE,1,0.8,0.837837837837838,0.767441860465116,0.75609756097561,0.794871794871795,0.603763654098064,0.891891891891892,0.143603641711836,0.515856794361651,0.802639849151477,31,33,10,6,0,0
"cleveland_ncv_5x3_inner3_v1","cleveland_ncv_5x3_inner3_v1","Cleveland","naive_bayes",1,2,2,11120202,"kde",1,TRUE,1,0.839506172839506,0.810810810810811,0.863636363636364,0.833333333333333,0.821917808219178,0.676110425245246,0.907248157248157,0.135029064313697,0.494540441797789,0.837223587223587,30,38,6,7,0,0
"cleveland_ncv_5x3_inner3_v1","cleveland_ncv_5x3_inner3_v1","Cleveland","naive_bayes",1,2,3,11120203,"kde",1,TRUE,1,0.839506172839506,0.756756756756757,0.909090909090909,0.875,0.811594202898551,0.678467506036014,0.918304668304668,0.119252627618988,0.488483067743912,0.832923832923833,28,40,4,9,0,0
"cleveland_ncv_5x3_inner3_v1","cleveland_ncv_5x3_inner3_v1","Cleveland","naive_bayes",1,3,1,11130101,"gaussiano",1,FALSE,NA,0.839506172839506,0.756756756756757,0.909090909090909,0.875,0.811594202898551,0.678467506036014,0.86977886977887,0.152790199697689,0.724359043673173,0.832923832923833,28,40,4,9,0,0
"cleveland_ncv_5x3_inner3_v1","cleveland_ncv_5x3_inner3_v1","Cleveland","naive_bayes",1,3,2,11130102,"gaussiano",1,FALSE,NA,0.851851851851852,0.810810810810811,0.886363636363636,0.857142857142857,0.833333333333333,0.701060863176399,0.917076167076167,0.114776112147496,0.441602018552811,0.848587223587224,30,39,5,7,0,0
"cleveland_ncv_5x3_inner3_v1","cleveland_ncv_5x3_inner3_v1","Cleveland","naive_bayes",1,3,3,11130103,"gaussiano",1,FALSE,NA,0.901234567901235,0.918918918918919,0.886363636363636,0.871794871794872,0.894736842105263,0.802820664607619,0.952088452088452,0.086691621041368,0.332868760661941,0.902641277641278,34,39,5,3,0,0
"cleveland_ncv_5x3_inner3_v1","cleveland_ncv_5x3_inner3_v1","Cleveland","naive_bayes",1,3,1,11130201,"kde",1,TRUE,1,0.753086419753086,0.702702702702703,0.795454545454545,0.742857142857143,0.722222222222222,0.500934237917233,0.840909090909091,0.180440001567698,0.729501407900994,0.749078624078624,26,35,9,11,0,0
"cleveland_ncv_5x3_inner3_v1","cleveland_ncv_5x3_inner3_v1","Cleveland","naive_bayes",1,3,2,11130202,"kde",1,TRUE,1,0.839506172839506,0.756756756756757,0.909090909090909,0.875,0.811594202898551,0.678467506036014,0.913390663390663,0.122030174012642,0.481830014392976,0.832923832923833,28,40,4,9,0,0
"cleveland_ncv_5x3_inner3_v1","cleveland_ncv_5x3_inner3_v1","Cleveland","naive_bayes",1,3,3,11130203,"kde",1,TRUE,1,0.901234567901235,0.918918918918919,0.886363636363636,0.871794871794872,0.894736842105263,0.802820664607619,0.94963144963145,0.0854758653925361,0.309429039429921,0.902641277641278,34,39,5,3,0,0
"cleveland_ncv_5x3_inner3_v1","cleveland_ncv_5x3_inner3_v1","Cleveland","naive_bayes",1,4,1,11140101,"gaussiano",1,FALSE,NA,0.851851851851852,0.756756756756757,0.931818181818182,0.903225806451613,0.823529411764706,0.705687725026608,0.923832923832924,0.131537242379459,0.470216160414179,0.844287469287469,28,41,3,9,0,0
"cleveland_ncv_5x3_inner3_v1","cleveland_ncv_5x3_inner3_v1","Cleveland","naive_bayes",1,4,2,11140102,"gaussiano",1,FALSE,NA,0.802469135802469,0.763157894736842,0.837209302325581,0.805555555555556,0.783783783783784,0.602955795688596,0.859241126070991,0.176418783919254,0.658642999072332,0.800183598531212,29,36,7,9,0,0
"cleveland_ncv_5x3_inner3_v1","cleveland_ncv_5x3_inner3_v1","Cleveland","naive_bayes",1,4,3,11140103,"gaussiano",1,FALSE,NA,0.839506172839506,0.837837837837838,0.840909090909091,0.815789473684211,0.826666666666667,0.677499613275602,0.898648648648649,0.129673126783742,0.70275545852716,0.839373464373464,31,37,7,6,0,0
"cleveland_ncv_5x3_inner3_v1","cleveland_ncv_5x3_inner3_v1","Cleveland","naive_bayes",1,4,1,11140201,"kde",1,TRUE,1,0.790123456790123,0.702702702702703,0.863636363636364,0.8125,0.753623188405797,0.577072915650558,0.886363636363636,0.151149789921761,0.524428370716404,0.783169533169533,26,38,6,11,0,0
"cleveland_ncv_5x3_inner3_v1","cleveland_ncv_5x3_inner3_v1","Cleveland","naive_bayes",1,4,2,11140202,"kde",1,TRUE,1,0.753086419753086,0.763157894736842,0.744186046511628,0.725,0.743589743589744,0.506415022664086,0.857405140758874,0.184603623953054,0.674014287599353,0.753671970624235,29,32,11,9,0,0
"cleveland_ncv_5x3_inner3_v1","cleveland_ncv_5x3_inner3_v1","Cleveland","naive_bayes",1,4,3,11140203,"kde",1,TRUE,1,0.851851851851852,0.864864864864865,0.840909090909091,0.82051282051282,0.842105263157895,0.703616280422696,0.900491400491401,0.126742510869523,0.58503393843478,0.852886977886978,32,37,7,5,0,0
"cleveland_ncv_5x3_inner3_v1","cleveland_ncv_5x3_inner3_v1","Cleveland","naive_bayes",1,5,1,11150101,"gaussiano",1,FALSE,NA,0.802469135802469,0.756756756756757,0.840909090909091,0.8,0.777777777777778,0.600997550546816,0.91953316953317,0.136441997163907,0.45214541133698,0.798832923832924,28,37,7,9,0,0
"cleveland_ncv_5x3_inner3_v1","cleveland_ncv_5x3_inner3_v1","Cleveland","naive_bayes",1,5,2,11150102,"gaussiano",1,FALSE,NA,0.8625,0.756756756756757,0.953488372093023,0.933333333333333,0.835820895522388,0.731472029813969,0.948460087994972,0.106812302115614,0.382740578421981,0.85512256442489,28,41,2,9,0,0
"cleveland_ncv_5x3_inner3_v1","cleveland_ncv_5x3_inner3_v1","Cleveland","naive_bayes",1,5,3,11150103,"gaussiano",1,FALSE,NA,0.814814814814815,0.864864864864865,0.772727272727273,0.761904761904762,0.810126582278481,0.635642906073767,0.891277641277641,0.158238351324853,0.756930884162511,0.818796068796069,32,34,10,5,0,0
"cleveland_ncv_5x3_inner3_v1","cleveland_ncv_5x3_inner3_v1","Cleveland","naive_bayes",1,5,1,11150201,"kde",1,TRUE,1,0.864197530864197,0.810810810810811,0.909090909090909,0.882352941176471,0.845070422535211,0.72662782414489,0.932432432432432,0.107292204817467,0.380476318351704,0.85995085995086,30,40,4,7,0,0
"cleveland_ncv_5x3_inner3_v1","cleveland_ncv_5x3_inner3_v1","Cleveland","naive_bayes",1,5,2,11150202,"kde",1,TRUE,1,0.825,0.675675675675676,0.953488372093023,0.925925925925926,0.78125,0.663405657391379,0.945945945945946,0.112358261420849,0.384894918854235,0.81458202388435,25,41,2,12,0,0
"cleveland_ncv_5x3_inner3_v1","cleveland_ncv_5x3_inner3_v1","Cleveland","naive_bayes",1,5,3,11150203,"kde",1,TRUE,1,0.765432098765432,0.837837837837838,0.704545454545455,0.704545454545455,0.765432098765432,0.542383292383292,0.875307125307125,0.18082618205828,0.754830148245922,0.771191646191646,31,31,13,6,0,0
"cleveland_ncv_5x3_inner3_v1","cleveland_ncv_5x3_inner3_v1","Cleveland","naive_bayes",2,1,1,11210101,"gaussiano",1,FALSE,NA,0.864197530864197,0.837837837837838,0.886363636363636,0.861111111111111,0.849315068493151,0.725987423828911,0.939189189189189,0.102138126958307,0.357966595787333,0.862100737100737,31,39,5,6,0,0
"cleveland_ncv_5x3_inner3_v1","cleveland_ncv_5x3_inner3_v1","Cleveland","naive_bayes",2,1,2,11210102,"gaussiano",1,FALSE,NA,0.839506172839506,0.864864864864865,0.818181818181818,0.8,0.831168831168831,0.680543143713934,0.896191646191646,0.143981312164432,0.744826151486476,0.841523341523342,32,36,8,5,0,0
"cleveland_ncv_5x3_inner3_v1","cleveland_ncv_5x3_inner3_v1","Cleveland","naive_bayes",2,1,3,11210103,"gaussiano",1,FALSE,NA,0.827160493827161,0.736842105263158,0.906976744186046,0.875,0.8,0.657228948951311,0.909424724602203,0.130552868290084,0.48628508105224,0.821909424724602,28,39,4,10,0,0
"cleveland_ncv_5x3_inner3_v1","cleveland_ncv_5x3_inner3_v1","Cleveland","naive_bayes",2,1,1,11210201,"kde",1,TRUE,1,0.864197530864197,0.864864864864865,0.863636363636364,0.842105263157895,0.853333333333333,0.72716248085508,0.936117936117936,0.104064102606722,0.370944663883163,0.864250614250614,32,38,6,5,0,0
"cleveland_ncv_5x3_inner3_v1","cleveland_ncv_5x3_inner3_v1","Cleveland","naive_bayes",2,1,2,11210202,"kde",1,TRUE,1,0.864197530864197,0.864864864864865,0.863636363636364,0.842105263157895,0.853333333333333,0.72716248085508,0.907248157248157,0.12453304852321,0.551086354130753,0.864250614250614,32,38,6,5,0,0
"cleveland_ncv_5x3_inner3_v1","cleveland_ncv_5x3_inner3_v1","Cleveland","naive_bayes",2,1,3,11210203,"kde",1,TRUE,1,0.802469135802469,0.684210526315789,0.906976744186046,0.866666666666667,0.764705882352941,0.610949600151018,0.907588739290086,0.140038056857738,0.500921326389457,0.795593635250918,26,39,4,12,0,0
"cleveland_ncv_5x3_inner3_v1","cleveland_ncv_5x3_inner3_v1","Cleveland","naive_bayes",2,2,1,11220101,"gaussiano",1,FALSE,NA,0.8625,0.891891891891892,0.837209302325581,0.825,0.857142857142857,0.727047705317655,0.900062853551226,0.129093266504519,0.599349054216078,0.864550597108737,33,36,7,4,0,0
"cleveland_ncv_5x3_inner3_v1","cleveland_ncv_5x3_inner3_v1","Cleveland","naive_bayes",2,2,2,11220102,"gaussiano",1,FALSE,NA,0.814814814814815,0.675675675675676,0.931818181818182,0.892857142857143,0.769230769230769,0.636285667644665,0.842751842751843,0.17158183952887,0.784744802475433,0.803746928746929,25,41,3,12,0,0
"cleveland_ncv_5x3_inner3_v1","cleveland_ncv_5x3_inner3_v1","Cleveland","naive_bayes",2,2,3,11220103,"gaussiano",1,FALSE,NA,0.864197530864197,0.864864864864865,0.863636363636364,0.842105263157895,0.853333333333333,0.72716248085508,0.928746928746929,0.111040648701402,0.426796145711655,0.864250614250614,32,38,6,5,0,0
"cleveland_ncv_5x3_inner3_v1","cleveland_ncv_5x3_inner3_v1","Cleveland","naive_bayes",2,2,1,11220201,"kde",1,TRUE,1,0.8375,0.837837837837838,0.837209302325581,0.815789473684211,0.826666666666667,0.673988906027626,0.910119421747329,0.1322799155199,0.522167373430994,0.83752357008171,31,36,7,6,0,0
"cleveland_ncv_5x3_inner3_v1","cleveland_ncv_5x3_inner3_v1","Cleveland","naive_bayes",2,2,2,11220202,"kde",1,TRUE,1,0.777777777777778,0.648648648648649,0.886363636363636,0.827586206896552,0.727272727272727,0.555891820719915,0.858722358722359,0.17250912801063,0.659857584063091,0.767506142506142,24,39,5,13,0,0
"cleveland_ncv_5x3_inner3_v1","cleveland_ncv_5x3_inner3_v1","Cleveland","naive_bayes",2,2,3,11220203,"kde",1,TRUE,1,0.864197530864197,0.864864864864865,0.863636363636364,0.842105263157895,0.853333333333333,0.72716248085508,0.935503685503685,0.108495176127108,0.380999772201632,0.864250614250614,32,38,6,5,0,0
"cleveland_ncv_5x3_inner3_v1","cleveland_ncv_5x3_inner3_v1","Cleveland","naive_bayes",2,3,1,11230101,"gaussiano",1,FALSE,NA,0.825,0.837837837837838,0.813953488372093,0.794871794871795,0.815789473684211,0.650158784319514,0.898805782526713,0.143176307527497,0.613195984107571,0.825895663104965,31,35,8,6,0,0
"cleveland_ncv_5x3_inner3_v1","cleveland_ncv_5x3_inner3_v1","Cleveland","naive_bayes",2,3,2,11230102,"gaussiano",1,FALSE,NA,0.851851851851852,0.810810810810811,0.886363636363636,0.857142857142857,0.833333333333333,0.701060863176399,0.917076167076167,0.132624840403203,0.483921801762402,0.848587223587224,30,39,5,7,0,0
"cleveland_ncv_5x3_inner3_v1","cleveland_ncv_5x3_inner3_v1","Cleveland","naive_bayes",2,3,3,11230103,"gaussiano",1,FALSE,NA,0.839506172839506,0.756756756756757,0.909090909090909,0.875,0.811594202898551,0.678467506036014,0.877764127764128,0.144918649563625,0.592068295798526,0.832923832923833,28,40,4,9,0,0
"cleveland_ncv_5x3_inner3_v1","cleveland_ncv_5x3_inner3_v1","Cleveland","naive_bayes",2,3,1,11230201,"kde",1,TRUE,1,0.8125,0.837837837837838,0.790697674418605,0.775,0.805194805194805,0.626765263204875,0.901948460087995,0.142251881203897,0.528725571546425,0.814267756128221,31,34,9,6,0,0
"cleveland_ncv_5x3_inner3_v1","cleveland_ncv_5x3_inner3_v1","Cleveland","naive_bayes",2,3,2,11230202,"kde",1,TRUE,1,0.790123456790123,0.675675675675676,0.886363636363636,0.833333333333333,0.746268656716418,0.579759906648298,0.892506142506142,0.166641072318811,0.578641741513068,0.781019656019656,25,39,5,12,0,0
"cleveland_ncv_5x3_inner3_v1","cleveland_ncv_5x3_inner3_v1","Cleveland","naive_bayes",2,3,3,11230203,"kde",1,TRUE,1,0.851851851851852,0.783783783783784,0.909090909090909,0.878787878787879,0.828571428571429,0.702432036668345,0.873464373464373,0.146754424023432,0.579946143157408,0.846437346437346,29,40,4,8,0,0
"cleveland_ncv_5x3_inner3_v1","cleveland_ncv_5x3_inner3_v1","Cleveland","naive_bayes",2,4,1,11240101,"gaussiano",1,FALSE,NA,0.901234567901235,0.918918918918919,0.886363636363636,0.871794871794872,0.894736842105263,0.802820664607619,0.924447174447175,0.100171708273265,0.491833843269017,0.902641277641278,34,39,5,3,0,0
"cleveland_ncv_5x3_inner3_v1","cleveland_ncv_5x3_inner3_v1","Cleveland","naive_bayes",2,4,2,11240102,"gaussiano",1,FALSE,NA,0.753086419753086,0.675675675675676,0.818181818181818,0.757575757575758,0.714285714285714,0.500669643157225,0.835380835380835,0.19617236227132,0.734076078016686,0.746928746928747,25,36,8,12,0,0
"cleveland_ncv_5x3_inner3_v1","cleveland_ncv_5x3_inner3_v1","Cleveland","naive_bayes",2,4,3,11240103,"gaussiano",1,FALSE,NA,0.851851851851852,0.756756756756757,0.931818181818182,0.903225806451613,0.823529411764706,0.705687725026608,0.926289926289926,0.111781241388484,0.381305482327502,0.844287469287469,28,41,3,9,0,0
"cleveland_ncv_5x3_inner3_v1","cleveland_ncv_5x3_inner3_v1","Cleveland","naive_bayes",2,4,1,11240201,"kde",1,TRUE,1,0.864197530864197,0.891891891891892,0.840909090909091,0.825,0.857142857142857,0.730115081340578,0.91953316953317,0.109008042813947,0.454920881737557,0.866400491400491,33,37,7,4,0,0
"cleveland_ncv_5x3_inner3_v1","cleveland_ncv_5x3_inner3_v1","Cleveland","naive_bayes",2,4,2,11240202,"kde",1,TRUE,1,0.703703703703704,0.621621621621622,0.772727272727273,0.696969696969697,0.657142857142857,0.399788446401664,0.812039312039312,0.21700443717875,0.838004728687968,0.697174447174447,23,34,10,14,0,0
"cleveland_ncv_5x3_inner3_v1","cleveland_ncv_5x3_inner3_v1","Cleveland","naive_bayes",2,4,3,11240203,"kde",1,TRUE,1,0.864197530864197,0.783783783783784,0.931818181818182,0.90625,0.840579710144927,0.729164801228742,0.938574938574939,0.105503567335714,0.338351985559278,0.857800982800983,29,41,3,8,0,0
"cleveland_ncv_5x3_inner3_v1","cleveland_ncv_5x3_inner3_v1","Cleveland","naive_bayes",2,5,1,11250101,"gaussiano",1,FALSE,NA,0.825,0.810810810810811,0.837209302325581,0.810810810810811,0.810810810810811,0.648020113136392,0.915776241357637,0.132868455660774,0.42342122693391,0.824010056568196,30,36,7,7,0,0
"cleveland_ncv_5x3_inner3_v1","cleveland_ncv_5x3_inner3_v1","Cleveland","naive_bayes",2,5,2,11250102,"gaussiano",1,FALSE,NA,0.851851851851852,0.864864864864865,0.840909090909091,0.82051282051282,0.842105263157895,0.703616280422696,0.904176904176904,0.132345600506405,0.525209123300285,0.852886977886978,32,37,7,5,0,0
"cleveland_ncv_5x3_inner3_v1","cleveland_ncv_5x3_inner3_v1","Cleveland","naive_bayes",2,5,3,11250103,"gaussiano",1,FALSE,NA,0.790123456790123,0.702702702702703,0.863636363636364,0.8125,0.753623188405797,0.577072915650558,0.899262899262899,0.134785487827694,0.602782423495661,0.783169533169533,26,38,6,11,0,0
"cleveland_ncv_5x3_inner3_v1","cleveland_ncv_5x3_inner3_v1","Cleveland","naive_bayes",2,5,1,11250201,"kde",1,TRUE,1,0.8125,0.783783783783784,0.837209302325581,0.805555555555556,0.794520547945205,0.622363717322051,0.912005028284098,0.134768035873692,0.42759043177182,0.810496543054683,29,36,7,8,0,0
"cleveland_ncv_5x3_inner3_v1","cleveland_ncv_5x3_inner3_v1","Cleveland","naive_bayes",2,5,2,11250202,"kde",1,TRUE,1,0.839506172839506,0.837837837837838,0.840909090909091,0.815789473684211,0.826666666666667,0.677499613275602,0.886977886977887,0.138314265367323,0.54081613595089,0.839373464373464,31,37,7,6,0,0
"cleveland_ncv_5x3_inner3_v1","cleveland_ncv_5x3_inner3_v1","Cleveland","naive_bayes",2,5,3,11250203,"kde",1,TRUE,1,0.814814814814815,0.72972972972973,0.886363636363636,0.84375,0.782608695652174,0.627770210843286,0.908476658476658,0.124129754180494,0.510487335771221,0.808046683046683,27,39,5,10,0,0
"cleveland_ncv_5x3_inner3_v1","cleveland_ncv_5x3_inner3_v1","Cleveland","naive_bayes",3,1,1,11310101,"gaussiano",1,FALSE,NA,0.839506172839506,0.783783783783784,0.886363636363636,0.852941176470588,0.816901408450704,0.676408665650234,0.895577395577396,0.135406456703992,0.508925349936506,0.83507371007371,29,39,5,8,0,0
"cleveland_ncv_5x3_inner3_v1","cleveland_ncv_5x3_inner3_v1","Cleveland","naive_bayes",3,1,2,11310102,"gaussiano",1,FALSE,NA,0.790123456790123,0.756756756756757,0.818181818181818,0.777777777777778,0.767123287671233,0.576356428077914,0.882063882063882,0.162397388102016,0.775286334580702,0.787469287469287,28,36,8,9,0,0
"cleveland_ncv_5x3_inner3_v1","cleveland_ncv_5x3_inner3_v1","Cleveland","naive_bayes",3,1,3,11310103,"gaussiano",1,FALSE,NA,0.9,0.918918918918919,0.883720930232558,0.871794871794872,0.894736842105263,0.800629476929624,0.951602765556254,0.0885253497830633,0.337197296232028,0.901319924575739,34,38,5,3,0,0
"cleveland_ncv_5x3_inner3_v1","cleveland_ncv_5x3_inner3_v1","Cleveland","naive_bayes",3,1,1,11310201,"kde",1,TRUE,1,0.827160493827161,0.783783783783784,0.863636363636364,0.828571428571429,0.805555555555556,0.651029206861608,0.898034398034398,0.135482993712024,0.495759089357803,0.823710073710074,29,38,6,8,0,0
"cleveland_ncv_5x3_inner3_v1","cleveland_ncv_5x3_inner3_v1","Cleveland","naive_bayes",3,1,2,11310202,"kde",1,TRUE,1,0.802469135802469,0.783783783783784,0.818181818181818,0.783783783783784,0.783783783783784,0.601965601965602,0.885749385749386,0.165296207510843,0.697962258789229,0.800982800982801,29,36,8,8,0,0
"cleveland_ncv_5x3_inner3_v1","cleveland_ncv_5x3_inner3_v1","Cleveland","naive_bayes",3,1,3,11310203,"kde",1,TRUE,1,0.825,0.837837837837838,0.813953488372093,0.794871794871795,0.815789473684211,0.650158784319514,0.908233815210559,0.140497631652134,0.511382005352366,0.825895663104965,31,35,8,6,0,0
"cleveland_ncv_5x3_inner3_v1","cleveland_ncv_5x3_inner3_v1","Cleveland","naive_bayes",3,2,1,11320101,"gaussiano",1,FALSE,NA,0.827160493827161,0.756756756756757,0.886363636363636,0.848484848484849,0.8,0.651991438290565,0.923832923832924,0.124820444741697,0.474133098602617,0.821560196560197,28,39,5,9,0,0
"cleveland_ncv_5x3_inner3_v1","cleveland_ncv_5x3_inner3_v1","Cleveland","naive_bayes",3,2,2,11320102,"gaussiano",1,FALSE,NA,0.765432098765432,0.864864864864865,0.681818181818182,0.695652173913043,0.771084337349398,0.549730544693388,0.881449631449631,0.179576504361064,0.761057451456616,0.773341523341523,32,30,14,5,0,0
"cleveland_ncv_5x3_inner3_v1","cleveland_ncv_5x3_inner3_v1","Cleveland","naive_bayes",3,2,3,11320103,"gaussiano",1,FALSE,NA,0.864197530864197,0.763157894736842,0.953488372093023,0.935483870967742,0.840579710144927,0.73580887177256,0.935128518971848,0.104762717553052,0.351720517993208,0.858323133414933,29,41,2,9,0,0
"cleveland_ncv_5x3_inner3_v1","cleveland_ncv_5x3_inner3_v1","Cleveland","naive_bayes",3,2,1,11320201,"kde",1,TRUE,1,0.802469135802469,0.72972972972973,0.863636363636364,0.818181818181818,0.771428571428571,0.601550839912785,0.917690417690418,0.135418705352126,0.468004712858643,0.796683046683047,27,38,6,10,0,0
"cleveland_ncv_5x3_inner3_v1","cleveland_ncv_5x3_inner3_v1","Cleveland","naive_bayes",3,2,2,11320202,"kde",1,TRUE,1,0.753086419753086,0.837837837837838,0.681818181818182,0.688888888888889,0.75609756097561,0.52093754076273,0.858722358722359,0.187949321674474,0.794763477846533,0.75982800982801,31,30,14,6,0,0
"cleveland_ncv_5x3_inner3_v1","cleveland_ncv_5x3_inner3_v1","Cleveland","naive_bayes",3,2,3,11320203,"kde",1,TRUE,1,0.864197530864197,0.763157894736842,0.953488372093023,0.935483870967742,0.840579710144927,0.73580887177256,0.946756425948592,0.0993773516126707,0.308297387840087,0.858323133414933,29,41,2,9,0,0
"cleveland_ncv_5x3_inner3_v1","cleveland_ncv_5x3_inner3_v1","Cleveland","naive_bayes",3,3,1,11330101,"gaussiano",1,FALSE,NA,0.8375,0.810810810810811,0.86046511627907,0.833333333333333,0.821917808219178,0.672757540586995,0.880578252671276,0.137538030819441,0.576290296923662,0.83563796354494,30,37,6,7,0,0
"cleveland_ncv_5x3_inner3_v1","cleveland_ncv_5x3_inner3_v1","Cleveland","naive_bayes",3,3,2,11330102,"gaussiano",1,FALSE,NA,0.839506172839506,0.810810810810811,0.863636363636364,0.833333333333333,0.821917808219178,0.676110425245246,0.9502457002457,0.111242945656658,0.327334291578491,0.837223587223587,30,38,6,7,0,0
"cleveland_ncv_5x3_inner3_v1","cleveland_ncv_5x3_inner3_v1","Cleveland","naive_bayes",3,3,3,11330103,"gaussiano",1,FALSE,NA,0.827160493827161,0.783783783783784,0.863636363636364,0.828571428571429,0.805555555555556,0.651029206861608,0.875921375921376,0.154033264578375,0.741819725368682,0.823710073710074,29,38,6,8,0,0
"cleveland_ncv_5x3_inner3_v1","cleveland_ncv_5x3_inner3_v1","Cleveland","naive_bayes",3,3,1,11330201,"kde",1,TRUE,1,0.8125,0.810810810810811,0.813953488372093,0.789473684210526,0.8,0.623784890681062,0.865493400377121,0.153979811308116,0.610371790746873,0.812382149591452,30,35,8,7,0,0
"cleveland_ncv_5x3_inner3_v1","cleveland_ncv_5x3_inner3_v1","Cleveland","naive_bayes",3,3,2,11330202,"kde",1,TRUE,1,0.864197530864197,0.810810810810811,0.909090909090909,0.882352941176471,0.845070422535211,0.72662782414489,0.952702702702703,0.10863461277657,0.324895843850839,0.85995085995086,30,40,4,7,0,0
"cleveland_ncv_5x3_inner3_v1","cleveland_ncv_5x3_inner3_v1","Cleveland","naive_bayes",3,3,3,11330203,"kde",1,TRUE,1,0.851851851851852,0.837837837837838,0.863636363636364,0.837837837837838,0.837837837837838,0.701474201474201,0.888206388206388,0.131522927140608,0.576958806531483,0.850737100737101,31,38,6,6,0,0
"cleveland_ncv_5x3_inner3_v1","cleveland_ncv_5x3_inner3_v1","Cleveland","naive_bayes",3,4,1,11340101,"gaussiano",1,FALSE,NA,0.8375,0.810810810810811,0.86046511627907,0.833333333333333,0.821917808219178,0.672757540586995,0.884349465744815,0.134511582639275,0.670383299009228,0.83563796354494,30,37,6,7,0,0
"cleveland_ncv_5x3_inner3_v1","cleveland_ncv_5x3_inner3_v1","Cleveland","naive_bayes",3,4,2,11340102,"gaussiano",1,FALSE,NA,0.802469135802469,0.756756756756757,0.840909090909091,0.8,0.777777777777778,0.600997550546816,0.902948402948403,0.144597569283977,0.451398307310894,0.798832923832924,28,37,7,9,0,0
"cleveland_ncv_5x3_inner3_v1","cleveland_ncv_5x3_inner3_v1","Cleveland","naive_bayes",3,4,3,11340103,"gaussiano",1,FALSE,NA,0.876543209876543,0.810810810810811,0.931818181818182,0.909090909090909,0.857142857142857,0.752872635046125,0.933660933660934,0.0986295739898683,0.410300786640289,0.871314496314496,30,41,3,7,0,0
"cleveland_ncv_5x3_inner3_v1","cleveland_ncv_5x3_inner3_v1","Cleveland","naive_bayes",3,4,1,11340201,"kde",1,TRUE,1,0.8375,0.837837837837838,0.837209302325581,0.815789473684211,0.826666666666667,0.673988906027626,0.892520427404148,0.132885439963607,0.559884638054616,0.83752357008171,31,36,7,6,0,0
"cleveland_ncv_5x3_inner3_v1","cleveland_ncv_5x3_inner3_v1","Cleveland","naive_bayes",3,4,2,11340202,"kde",1,TRUE,1,0.790123456790123,0.702702702702703,0.863636363636364,0.8125,0.753623188405797,0.577072915650558,0.90970515970516,0.140769771295015,0.431748212825228,0.783169533169533,26,38,6,11,0,0
"cleveland_ncv_5x3_inner3_v1","cleveland_ncv_5x3_inner3_v1","Cleveland","naive_bayes",3,4,3,11340203,"kde",1,TRUE,1,0.876543209876543,0.810810810810811,0.931818181818182,0.909090909090909,0.857142857142857,0.752872635046125,0.917076167076167,0.110993721915887,0.438782211510365,0.871314496314496,30,41,3,7,0,0
"cleveland_ncv_5x3_inner3_v1","cleveland_ncv_5x3_inner3_v1","Cleveland","naive_bayes",3,5,1,11350101,"gaussiano",1,FALSE,NA,0.888888888888889,0.864864864864865,0.909090909090909,0.888888888888889,0.876712328767123,0.775864422412577,0.960687960687961,0.0801959699595857,0.264423392306287,0.886977886977887,32,40,4,5,0,0
"cleveland_ncv_5x3_inner3_v1","cleveland_ncv_5x3_inner3_v1","Cleveland","naive_bayes",3,5,2,11350102,"gaussiano",1,FALSE,NA,0.777777777777778,0.810810810810811,0.75,0.731707317073171,0.769230769230769,0.558755296952178,0.848894348894349,0.186275412946355,0.763972578553635,0.780405405405405,30,33,11,7,0,0
"cleveland_ncv_5x3_inner3_v1","cleveland_ncv_5x3_inner3_v1","Cleveland","naive_bayes",3,5,3,11350103,"gaussiano",1,FALSE,NA,0.802469135802469,0.675675675675676,0.909090909090909,0.862068965517241,0.757575757575758,0.607587845379288,0.884520884520885,0.152634078037697,0.570441524168327,0.792383292383292,25,40,4,12,0,0
"cleveland_ncv_5x3_inner3_v1","cleveland_ncv_5x3_inner3_v1","Cleveland","naive_bayes",3,5,1,11350201,"kde",1,TRUE,1,0.876543209876543,0.837837837837838,0.909090909090909,0.885714285714286,0.861111111111111,0.751092519491191,0.956388206388206,0.0852324469232053,0.278360301806547,0.873464373464373,31,40,4,6,0,0
"cleveland_ncv_5x3_inner3_v1","cleveland_ncv_5x3_inner3_v1","Cleveland","naive_bayes",3,5,2,11350202,"kde",1,TRUE,1,0.716049382716049,0.756756756756757,0.681818181818182,0.666666666666667,0.708860759493671,0.437234137703921,0.840909090909091,0.195429975487617,0.751229384641196,0.719287469287469,28,30,14,9,0,0
"cleveland_ncv_5x3_inner3_v1","cleveland_ncv_5x3_inner3_v1","Cleveland","naive_bayes",3,5,3,11350203,"kde",1,TRUE,1,0.827160493827161,0.72972972972973,0.909090909090909,0.870967741935484,0.794117647058823,0.654696908142438,0.884520884520885,0.143776895781367,0.560215165842922,0.819410319410319,27,40,4,10,0,0
