"Protocolo","Execucao","Base","Algoritmo","Repeticao","Fold_Externo","Fold_Interno","Semente","Configuracao","numero_arvores","variaveis_por_divisao","Acuracia","Sensibilidade","Especificidade","Precisao","F1","MCC","ROC_AUC","Brier","Log_Loss","Acuracia_Balanceada","VP","VN","FP","FN","Precisao_Denominador_Zero","MCC_Denominador_Zero"
"cleveland_ncv_5x3_inner3_v1","cleveland_ncv_5x3_inner3_v1","Cleveland","random_forest",1,1,1,13110101,"rf_300_arvores_mtry_3",300,3,0.7875,0.756756756756757,0.813953488372093,0.777777777777778,0.767123287671233,0.571969894057108,0.870521684475173,0.146784561568891,0.451127923322136,0.785355122564425,28,35,8,9,0,0
"cleveland_ncv_5x3_inner3_v1","cleveland_ncv_5x3_inner3_v1","Cleveland","random_forest",1,1,2,13110102,"rf_300_arvores_mtry_3",300,3,0.777777777777778,0.783783783783784,0.772727272727273,0.743589743589744,0.763157894736842,0.554809704145311,0.904176904176904,0.134198575954988,0.416192524318711,0.778255528255528,29,34,10,8,0,0
"cleveland_ncv_5x3_inner3_v1","cleveland_ncv_5x3_inner3_v1","Cleveland","random_forest",1,1,3,13110103,"rf_300_arvores_mtry_3",300,3,0.851851851851852,0.72972972972973,0.954545454545455,0.931034482758621,0.818181818181818,0.710979894698032,0.937346437346437,0.108510411589428,0.356545877384596,0.842137592137592,27,42,2,10,0,0
"cleveland_ncv_5x3_inner3_v1","cleveland_ncv_5x3_inner3_v1","Cleveland","random_forest",1,1,1,13110201,"rf_500_arvores_mtry_3",500,3,0.7625,0.783783783783784,0.744186046511628,0.725,0.753246753246753,0.526482821092095,0.86926461345066,0.148722493495385,0.456623170677716,0.763984915147706,29,32,11,8,0,0
"cleveland_ncv_5x3_inner3_v1","cleveland_ncv_5x3_inner3_v1","Cleveland","random_forest",1,1,2,13110202,"rf_500_arvores_mtry_3",500,3,0.777777777777778,0.783783783783784,0.772727272727273,0.743589743589744,0.763157894736842,0.554809704145311,0.908476658476658,0.131924596626273,0.412351732087153,0.778255528255528,29,34,10,8,0,0
"cleveland_ncv_5x3_inner3_v1","cleveland_ncv_5x3_inner3_v1","Cleveland","random_forest",1,1,3,13110203,"rf_500_arvores_mtry_3",500,3,0.851851851851852,0.72972972972973,0.954545454545455,0.931034482758621,0.818181818181818,0.710979894698032,0.935503685503685,0.111643817354745,0.363920724982039,0.842137592137592,27,42,2,10,0,0
"cleveland_ncv_5x3_inner3_v1","cleveland_ncv_5x3_inner3_v1","Cleveland","random_forest",1,1,1,13110301,"rf_300_arvores_mtry_4",300,4,0.7625,0.72972972972973,0.790697674418605,0.75,0.73972602739726,0.521576070792165,0.86046511627907,0.152022208317001,0.464726105206054,0.760213702074167,27,34,9,10,0,0
"cleveland_ncv_5x3_inner3_v1","cleveland_ncv_5x3_inner3_v1","Cleveland","random_forest",1,1,2,13110302,"rf_300_arvores_mtry_4",300,4,0.765432098765432,0.756756756756757,0.772727272727273,0.736842105263158,0.746666666666667,0.528511010537166,0.886977886977887,0.139388390173961,0.425463027242263,0.764742014742015,28,34,10,9,0,0
"cleveland_ncv_5x3_inner3_v1","cleveland_ncv_5x3_inner3_v1","Cleveland","random_forest",1,1,3,13110303,"rf_300_arvores_mtry_4",300,4,0.839506172839506,0.756756756756757,0.909090909090909,0.875,0.811594202898551,0.678467506036014,0.92997542997543,0.112365762043077,0.364399766996504,0.832923832923833,28,40,4,9,0,0
"cleveland_ncv_5x3_inner3_v1","cleveland_ncv_5x3_inner3_v1","Cleveland","random_forest",1,1,1,13110401,"rf_500_arvores_mtry_4",500,4,0.775,0.756756756756757,0.790697674418605,0.756756756756757,0.756756756756757,0.547454431175361,0.865493400377121,0.148974022108844,0.460436424472789,0.773727215587681,28,34,9,9,0,0
"cleveland_ncv_5x3_inner3_v1","cleveland_ncv_5x3_inner3_v1","Cleveland","random_forest",1,1,2,13110402,"rf_500_arvores_mtry_4",500,4,0.790123456790123,0.783783783783784,0.795454545454545,0.763157894736842,0.773333333333333,0.578173878116645,0.896805896805897,0.1349890756797,0.416786823573138,0.789619164619165,29,35,9,8,0,0
"cleveland_ncv_5x3_inner3_v1","cleveland_ncv_5x3_inner3_v1","Cleveland","random_forest",1,1,3,13110403,"rf_500_arvores_mtry_4",500,4,0.827160493827161,0.72972972972973,0.909090909090909,0.870967741935484,0.794117647058823,0.654696908142438,0.926289926289926,0.112025551609822,0.363029305087005,0.819410319410319,27,40,4,10,0,0
"cleveland_ncv_5x3_inner3_v1","cleveland_ncv_5x3_inner3_v1","Cleveland","random_forest",1,2,1,13120101,"rf_300_arvores_mtry_3",300,3,0.7875,0.783783783783784,0.790697674418605,0.763157894736842,0.773333333333333,0.573580875334497,0.878692646134507,0.139734147247632,0.437676770784626,0.787240729101194,29,34,9,8,0,0
"cleveland_ncv_5x3_inner3_v1","cleveland_ncv_5x3_inner3_v1","Cleveland","random_forest",1,2,2,13120102,"rf_300_arvores_mtry_3",300,3,0.802469135802469,0.783783783783784,0.818181818181818,0.783783783783784,0.783783783783784,0.601965601965602,0.874078624078624,0.144592162901217,0.441345076929897,0.800982800982801,29,36,8,8,0,0
"cleveland_ncv_5x3_inner3_v1","cleveland_ncv_5x3_inner3_v1","Cleveland","random_forest",1,2,3,13120103,"rf_300_arvores_mtry_3",300,3,0.802469135802469,0.702702702702703,0.886363636363636,0.838709677419355,0.764705882352941,0.603706091258267,0.899262899262899,0.130140727291269,0.411406016575799,0.79453316953317,26,39,5,11,0,0
"cleveland_ncv_5x3_inner3_v1","cleveland_ncv_5x3_inner3_v1","Cleveland","random_forest",1,2,1,13120201,"rf_500_arvores_mtry_3",500,3,0.7875,0.810810810810811,0.767441860465116,0.75,0.779220779220779,0.576624042148485,0.883720930232558,0.136716417468499,0.429390366271495,0.789126335637964,30,33,10,7,0,0
"cleveland_ncv_5x3_inner3_v1","cleveland_ncv_5x3_inner3_v1","Cleveland","random_forest",1,2,2,13120202,"rf_500_arvores_mtry_3",500,3,0.790123456790123,0.756756756756757,0.818181818181818,0.777777777777778,0.767123287671233,0.576356428077914,0.875921375921376,0.143485986092544,0.441591641582451,0.787469287469287,28,36,8,9,0,0
"cleveland_ncv_5x3_inner3_v1","cleveland_ncv_5x3_inner3_v1","Cleveland","random_forest",1,2,3,13120203,"rf_500_arvores_mtry_3",500,3,0.802469135802469,0.702702702702703,0.886363636363636,0.838709677419355,0.764705882352941,0.603706091258267,0.904791154791155,0.128715467682918,0.408618294299493,0.79453316953317,26,39,5,11,0,0
"cleveland_ncv_5x3_inner3_v1","cleveland_ncv_5x3_inner3_v1","Cleveland","random_forest",1,2,1,13120301,"rf_300_arvores_mtry_4",300,4,0.7875,0.810810810810811,0.767441860465116,0.75,0.779220779220779,0.576624042148485,0.882463859208045,0.138720394578294,0.435633026512652,0.789126335637964,30,33,10,7,0,0
"cleveland_ncv_5x3_inner3_v1","cleveland_ncv_5x3_inner3_v1","Cleveland","random_forest",1,2,2,13120302,"rf_300_arvores_mtry_4",300,4,0.790123456790123,0.756756756756757,0.818181818181818,0.777777777777778,0.767123287671233,0.576356428077914,0.878378378378378,0.143826532485757,0.436972466333921,0.787469287469287,28,36,8,9,0,0
"cleveland_ncv_5x3_inner3_v1","cleveland_ncv_5x3_inner3_v1","Cleveland","random_forest",1,2,3,13120303,"rf_300_arvores_mtry_4",300,4,0.802469135802469,0.702702702702703,0.886363636363636,0.838709677419355,0.764705882352941,0.603706091258267,0.89987714987715,0.12841083429049,0.407906549112259,0.79453316953317,26,39,5,11,0,0
"cleveland_ncv_5x3_inner3_v1","cleveland_ncv_5x3_inner3_v1","Cleveland","random_forest",1,2,1,13120401,"rf_500_arvores_mtry_4",500,4,0.775,0.783783783783784,0.767441860465116,0.743589743589744,0.763157894736842,0.549844989246108,0.881835323695789,0.139565202036714,0.437696060746262,0.77561282212445,29,33,10,8,0,0
"cleveland_ncv_5x3_inner3_v1","cleveland_ncv_5x3_inner3_v1","Cleveland","random_forest",1,2,2,13120402,"rf_500_arvores_mtry_4",500,4,0.802469135802469,0.783783783783784,0.818181818181818,0.783783783783784,0.783783783783784,0.601965601965602,0.873464373464373,0.144695350822485,0.439815225988682,0.800982800982801,29,36,8,8,0,0
"cleveland_ncv_5x3_inner3_v1","cleveland_ncv_5x3_inner3_v1","Cleveland","random_forest",1,2,3,13120403,"rf_500_arvores_mtry_4",500,4,0.814814814814815,0.702702702702703,0.909090909090909,0.866666666666667,0.776119402985075,0.63108291477782,0.89987714987715,0.129416090322536,0.40742260513036,0.805896805896806,26,40,4,11,0,0
"cleveland_ncv_5x3_inner3_v1","cleveland_ncv_5x3_inner3_v1","Cleveland","random_forest",1,3,1,13130101,"rf_300_arvores_mtry_3",300,3,0.814814814814815,0.72972972972973,0.886363636363636,0.84375,0.782608695652174,0.627770210843286,0.887592137592138,0.137292265527507,0.424606429745681,0.808046683046683,27,39,5,10,0,0
"cleveland_ncv_5x3_inner3_v1","cleveland_ncv_5x3_inner3_v1","Cleveland","random_forest",1,3,2,13130102,"rf_300_arvores_mtry_3",300,3,0.851851851851852,0.783783783783784,0.909090909090909,0.878787878787879,0.828571428571429,0.702432036668345,0.901105651105651,0.127566787693842,0.404533278446067,0.846437346437346,29,40,4,8,0,0
"cleveland_ncv_5x3_inner3_v1","cleveland_ncv_5x3_inner3_v1","Cleveland","random_forest",1,3,3,13130103,"rf_300_arvores_mtry_3",300,3,0.901234567901235,0.891891891891892,0.909090909090909,0.891891891891892,0.891891891891892,0.800982800982801,0.964373464373464,0.0897838498895417,0.304725469558912,0.9004914004914,33,40,4,4,0,0
"cleveland_ncv_5x3_inner3_v1","cleveland_ncv_5x3_inner3_v1","Cleveland","random_forest",1,3,1,13130201,"rf_500_arvores_mtry_3",500,3,0.827160493827161,0.756756756756757,0.886363636363636,0.848484848484849,0.8,0.651991438290565,0.888206388206388,0.135876868267024,0.419477302831377,0.821560196560197,28,39,5,9,0,0
"cleveland_ncv_5x3_inner3_v1","cleveland_ncv_5x3_inner3_v1","Cleveland","random_forest",1,3,2,13130202,"rf_500_arvores_mtry_3",500,3,0.864197530864197,0.783783783783784,0.931818181818182,0.90625,0.840579710144927,0.729164801228742,0.901105651105651,0.128415167963368,0.404893992563414,0.857800982800983,29,41,3,8,0,0
"cleveland_ncv_5x3_inner3_v1","cleveland_ncv_5x3_inner3_v1","Cleveland","random_forest",1,3,3,13130203,"rf_500_arvores_mtry_3",500,3,0.888888888888889,0.891891891891892,0.886363636363636,0.868421052631579,0.88,0.776825348434559,0.966216216216216,0.0906189614280773,0.306333872808873,0.889127764127764,33,39,5,4,0,0
"cleveland_ncv_5x3_inner3_v1","cleveland_ncv_5x3_inner3_v1","Cleveland","random_forest",1,3,1,13130301,"rf_300_arvores_mtry_4",300,4,0.839506172839506,0.783783783783784,0.886363636363636,0.852941176470588,0.816901408450704,0.676408665650234,0.884520884520885,0.136398145983611,0.42102893556447,0.83507371007371,29,39,5,8,0,0
"cleveland_ncv_5x3_inner3_v1","cleveland_ncv_5x3_inner3_v1","Cleveland","random_forest",1,3,2,13130302,"rf_300_arvores_mtry_4",300,4,0.851851851851852,0.756756756756757,0.931818181818182,0.903225806451613,0.823529411764706,0.705687725026608,0.91031941031941,0.122471807064283,0.388458247555949,0.844287469287469,28,41,3,9,0,0
"cleveland_ncv_5x3_inner3_v1","cleveland_ncv_5x3_inner3_v1","Cleveland","random_forest",1,3,3,13130303,"rf_300_arvores_mtry_4",300,4,0.851851851851852,0.864864864864865,0.840909090909091,0.82051282051282,0.842105263157895,0.703616280422696,0.958230958230958,0.0915987947909383,0.307410148596785,0.852886977886978,32,37,7,5,0,0
"cleveland_ncv_5x3_inner3_v1","cleveland_ncv_5x3_inner3_v1","Cleveland","random_forest",1,3,1,13130401,"rf_500_arvores_mtry_4",500,4,0.839506172839506,0.783783783783784,0.886363636363636,0.852941176470588,0.816901408450704,0.676408665650234,0.886977886977887,0.136755684142661,0.421391196957428,0.83507371007371,29,39,5,8,0,0
"cleveland_ncv_5x3_inner3_v1","cleveland_ncv_5x3_inner3_v1","Cleveland","random_forest",1,3,2,13130402,"rf_500_arvores_mtry_4",500,4,0.864197530864197,0.783783783783784,0.931818181818182,0.90625,0.840579710144927,0.729164801228742,0.900491400491401,0.126970927407407,0.403636934801813,0.857800982800983,29,41,3,8,0,0
"cleveland_ncv_5x3_inner3_v1","cleveland_ncv_5x3_inner3_v1","Cleveland","random_forest",1,3,3,13130403,"rf_500_arvores_mtry_4",500,4,0.91358024691358,0.918918918918919,0.909090909090909,0.894736842105263,0.906666666666667,0.826488216014037,0.963759213759214,0.0887312416491388,0.298734103258418,0.914004914004914,34,40,4,3,0,0
"cleveland_ncv_5x3_inner3_v1","cleveland_ncv_5x3_inner3_v1","Cleveland","random_forest",1,4,1,13140101,"rf_300_arvores_mtry_3",300,3,0.814814814814815,0.702702702702703,0.909090909090909,0.866666666666667,0.776119402985075,0.63108291477782,0.882063882063882,0.143299221443648,0.446716074475191,0.805896805896806,26,40,4,11,0,0
"cleveland_ncv_5x3_inner3_v1","cleveland_ncv_5x3_inner3_v1","Cleveland","random_forest",1,4,2,13140102,"rf_300_arvores_mtry_3",300,3,0.753086419753086,0.736842105263158,0.767441860465116,0.736842105263158,0.736842105263158,0.504283965728274,0.840881272949816,0.163546633729787,0.49612390432536,0.752141982864137,28,33,10,10,0,0
"cleveland_ncv_5x3_inner3_v1","cleveland_ncv_5x3_inner3_v1","Cleveland","random_forest",1,4,3,13140103,"rf_300_arvores_mtry_3",300,3,0.802469135802469,0.702702702702703,0.886363636363636,0.838709677419355,0.764705882352941,0.603706091258267,0.914004914004914,0.126709415454814,0.398829595344932,0.79453316953317,26,39,5,11,0,0
"cleveland_ncv_5x3_inner3_v1","cleveland_ncv_5x3_inner3_v1","Cleveland","random_forest",1,4,1,13140201,"rf_500_arvores_mtry_3",500,3,0.839506172839506,0.756756756756757,0.909090909090909,0.875,0.811594202898551,0.678467506036014,0.895577395577396,0.1374984706065,0.428397374274825,0.832923832923833,28,40,4,9,0,0
"cleveland_ncv_5x3_inner3_v1","cleveland_ncv_5x3_inner3_v1","Cleveland","random_forest",1,4,2,13140202,"rf_500_arvores_mtry_3",500,3,0.753086419753086,0.763157894736842,0.744186046511628,0.725,0.743589743589744,0.506415022664086,0.848837209302326,0.159897262159253,0.485671878832967,0.753671970624235,29,32,11,9,0,0
"cleveland_ncv_5x3_inner3_v1","cleveland_ncv_5x3_inner3_v1","Cleveland","random_forest",1,4,3,13140203,"rf_500_arvores_mtry_3",500,3,0.814814814814815,0.72972972972973,0.886363636363636,0.84375,0.782608695652174,0.627770210843286,0.912776412776413,0.126766316003483,0.400163789671093,0.808046683046683,27,39,5,10,0,0
"cleveland_ncv_5x3_inner3_v1","cleveland_ncv_5x3_inner3_v1","Cleveland","random_forest",1,4,1,13140301,"rf_300_arvores_mtry_4",300,4,0.814814814814815,0.702702702702703,0.909090909090909,0.866666666666667,0.776119402985075,0.63108291477782,0.884520884520885,0.139174479435554,0.429706805630563,0.805896805896806,26,40,4,11,0,0
"cleveland_ncv_5x3_inner3_v1","cleveland_ncv_5x3_inner3_v1","Cleveland","random_forest",1,4,2,13140302,"rf_300_arvores_mtry_4",300,4,0.740740740740741,0.710526315789474,0.767441860465116,0.72972972972973,0.72,0.478848142957688,0.834761321909425,0.169329618454286,0.512473693380508,0.738984088127295,27,33,10,11,0,0
"cleveland_ncv_5x3_inner3_v1","cleveland_ncv_5x3_inner3_v1","Cleveland","random_forest",1,4,3,13140303,"rf_300_arvores_mtry_4",300,4,0.802469135802469,0.702702702702703,0.886363636363636,0.838709677419355,0.764705882352941,0.603706091258267,0.91953316953317,0.122182989453549,0.384938633276315,0.79453316953317,26,39,5,11,0,0
"cleveland_ncv_5x3_inner3_v1","cleveland_ncv_5x3_inner3_v1","Cleveland","random_forest",1,4,1,13140401,"rf_500_arvores_mtry_4",500,4,0.827160493827161,0.756756756756757,0.886363636363636,0.848484848484849,0.8,0.651991438290565,0.883292383292383,0.141169458653494,0.435794323415692,0.821560196560197,28,39,5,9,0,0
"cleveland_ncv_5x3_inner3_v1","cleveland_ncv_5x3_inner3_v1","Cleveland","random_forest",1,4,2,13140402,"rf_500_arvores_mtry_4",500,4,0.765432098765432,0.763157894736842,0.767441860465116,0.743589743589744,0.753246753246753,0.529951496248598,0.834761321909425,0.164298929492455,0.501098007043826,0.765299877600979,29,33,10,9,0,0
"cleveland_ncv_5x3_inner3_v1","cleveland_ncv_5x3_inner3_v1","Cleveland","random_forest",1,4,3,13140403,"rf_500_arvores_mtry_4",500,4,0.802469135802469,0.702702702702703,0.886363636363636,0.838709677419355,0.764705882352941,0.603706091258267,0.907862407862408,0.12694969691358,0.396915417308636,0.79453316953317,26,39,5,11,0,0
"cleveland_ncv_5x3_inner3_v1","cleveland_ncv_5x3_inner3_v1","Cleveland","random_forest",1,5,1,13150101,"rf_300_arvores_mtry_3",300,3,0.839506172839506,0.756756756756757,0.909090909090909,0.875,0.811594202898551,0.678467506036014,0.909090909090909,0.120366119189885,0.386661303332313,0.832923832923833,28,40,4,9,0,0
"cleveland_ncv_5x3_inner3_v1","cleveland_ncv_5x3_inner3_v1","Cleveland","random_forest",1,5,2,13150102,"rf_300_arvores_mtry_3",300,3,0.8625,0.72972972972973,0.976744186046512,0.964285714285714,0.830769230769231,0.738500058280303,0.928975487115022,0.11421577295706,0.369688452773929,0.853236957888121,27,42,1,10,0,0
"cleveland_ncv_5x3_inner3_v1","cleveland_ncv_5x3_inner3_v1","Cleveland","random_forest",1,5,3,13150103,"rf_300_arvores_mtry_3",300,3,0.814814814814815,0.837837837837838,0.795454545454545,0.775,0.805194805194805,0.630971206087289,0.901719901719902,0.133649970398993,0.424218333832094,0.816646191646192,31,35,9,6,0,0
"cleveland_ncv_5x3_inner3_v1","cleveland_ncv_5x3_inner3_v1","Cleveland","random_forest",1,5,1,13150201,"rf_500_arvores_mtry_3",500,3,0.851851851851852,0.783783783783784,0.909090909090909,0.878787878787879,0.828571428571429,0.702432036668345,0.906019656019656,0.122023508804487,0.391084117059566,0.846437346437346,29,40,4,8,0,0
"cleveland_ncv_5x3_inner3_v1","cleveland_ncv_5x3_inner3_v1","Cleveland","random_forest",1,5,2,13150202,"rf_500_arvores_mtry_3",500,3,0.875,0.756756756756757,0.976744186046512,0.96551724137931,0.848484848484849,0.760767023468354,0.932118164676304,0.113309611260255,0.366573352618726,0.866750471401634,28,42,1,9,0,0
"cleveland_ncv_5x3_inner3_v1","cleveland_ncv_5x3_inner3_v1","Cleveland","random_forest",1,5,3,13150203,"rf_500_arvores_mtry_3",500,3,0.839506172839506,0.891891891891892,0.795454545454545,0.785714285714286,0.835443037974684,0.685245098166229,0.900491400491401,0.133548524994855,0.428402953071469,0.843673218673219,33,35,9,4,0,0
"cleveland_ncv_5x3_inner3_v1","cleveland_ncv_5x3_inner3_v1","Cleveland","random_forest",1,5,1,13150301,"rf_300_arvores_mtry_4",300,4,0.827160493827161,0.756756756756757,0.886363636363636,0.848484848484849,0.8,0.651991438290565,0.886977886977887,0.127591444708645,0.405671239720738,0.821560196560197,28,39,5,9,0,0
"cleveland_ncv_5x3_inner3_v1","cleveland_ncv_5x3_inner3_v1","Cleveland","random_forest",1,5,2,13150302,"rf_300_arvores_mtry_4",300,4,0.875,0.756756756756757,0.976744186046512,0.96551724137931,0.848484848484849,0.760767023468354,0.922061596480201,0.114305764322917,0.373107275729295,0.866750471401634,28,42,1,9,0,0
"cleveland_ncv_5x3_inner3_v1","cleveland_ncv_5x3_inner3_v1","Cleveland","random_forest",1,5,3,13150303,"rf_300_arvores_mtry_4",300,4,0.790123456790123,0.837837837837838,0.75,0.738095238095238,0.784810126582278,0.586040713981306,0.901105651105651,0.131201556749479,0.417004752646807,0.793918918918919,31,33,11,6,0,0
"cleveland_ncv_5x3_inner3_v1","cleveland_ncv_5x3_inner3_v1","Cleveland","random_forest",1,5,1,13150401,"rf_500_arvores_mtry_4",500,4,0.827160493827161,0.72972972972973,0.909090909090909,0.870967741935484,0.794117647058823,0.654696908142438,0.903562653562654,0.121507233257468,0.389286769377645,0.819410319410319,27,40,4,10,0,0
"cleveland_ncv_5x3_inner3_v1","cleveland_ncv_5x3_inner3_v1","Cleveland","random_forest",1,5,2,13150402,"rf_500_arvores_mtry_4",500,4,0.875,0.756756756756757,0.976744186046512,0.96551724137931,0.848484848484849,0.760767023468354,0.927089880578253,0.114737847722222,0.370622285794262,0.866750471401634,28,42,1,9,0,0
"cleveland_ncv_5x3_inner3_v1","cleveland_ncv_5x3_inner3_v1","Cleveland","random_forest",1,5,3,13150403,"rf_500_arvores_mtry_4",500,4,0.827160493827161,0.864864864864865,0.795454545454545,0.780487804878049,0.82051282051282,0.657899172205466,0.900491400491401,0.133065000306455,0.424190634547644,0.830159705159705,32,35,9,5,0,0
"cleveland_ncv_5x3_inner3_v1","cleveland_ncv_5x3_inner3_v1","Cleveland","random_forest",2,1,1,13210101,"rf_300_arvores_mtry_3",300,3,0.839506172839506,0.810810810810811,0.863636363636364,0.833333333333333,0.821917808219178,0.676110425245246,0.934889434889435,0.10653969402035,0.34473902131164,0.837223587223587,30,38,6,7,0,0
"cleveland_ncv_5x3_inner3_v1","cleveland_ncv_5x3_inner3_v1","Cleveland","random_forest",2,1,2,13210102,"rf_300_arvores_mtry_3",300,3,0.827160493827161,0.837837837837838,0.818181818181818,0.794871794871795,0.815789473684211,0.654014088330234,0.899262899262899,0.128523183653915,0.407259076688851,0.828009828009828,31,36,8,6,0,0
"cleveland_ncv_5x3_inner3_v1","cleveland_ncv_5x3_inner3_v1","Cleveland","random_forest",2,1,3,13210103,"rf_300_arvores_mtry_3",300,3,0.802469135802469,0.684210526315789,0.906976744186046,0.866666666666667,0.764705882352941,0.610949600151018,0.890452876376989,0.140203470026761,0.437679020185402,0.795593635250918,26,39,4,12,0,0
"cleveland_ncv_5x3_inner3_v1","cleveland_ncv_5x3_inner3_v1","Cleveland","random_forest",2,1,1,13210201,"rf_500_arvores_mtry_3",500,3,0.827160493827161,0.783783783783784,0.863636363636364,0.828571428571429,0.805555555555556,0.651029206861608,0.932432432432432,0.108964380139329,0.353050018834833,0.823710073710074,29,38,6,8,0,0
"cleveland_ncv_5x3_inner3_v1","cleveland_ncv_5x3_inner3_v1","Cleveland","random_forest",2,1,2,13210202,"rf_500_arvores_mtry_3",500,3,0.851851851851852,0.837837837837838,0.863636363636364,0.837837837837838,0.837837837837838,0.701474201474201,0.912162162162162,0.120101231468037,0.387204983897823,0.850737100737101,31,38,6,6,0,0
"cleveland_ncv_5x3_inner3_v1","cleveland_ncv_5x3_inner3_v1","Cleveland","random_forest",2,1,3,13210203,"rf_500_arvores_mtry_3",500,3,0.790123456790123,0.657894736842105,0.906976744186046,0.862068965517241,0.746268656716418,0.587996856320757,0.891064871481028,0.140467251195008,0.438365798633317,0.782435740514076,25,39,4,13,0,0
"cleveland_ncv_5x3_inner3_v1","cleveland_ncv_5x3_inner3_v1","Cleveland","random_forest",2,1,1,13210301,"rf_300_arvores_mtry_4",300,4,0.827160493827161,0.783783783783784,0.863636363636364,0.828571428571429,0.805555555555556,0.651029206861608,0.929361179361179,0.110156114332061,0.354727910104069,0.823710073710074,29,38,6,8,0,0
"cleveland_ncv_5x3_inner3_v1","cleveland_ncv_5x3_inner3_v1","Cleveland","random_forest",2,1,2,13210302,"rf_300_arvores_mtry_4",300,4,0.839506172839506,0.837837837837838,0.840909090909091,0.815789473684211,0.826666666666667,0.677499613275602,0.904791154791155,0.126054321787837,0.40027812711768,0.839373464373464,31,37,7,6,0,0
"cleveland_ncv_5x3_inner3_v1","cleveland_ncv_5x3_inner3_v1","Cleveland","random_forest",2,1,3,13210303,"rf_300_arvores_mtry_4",300,4,0.790123456790123,0.657894736842105,0.906976744186046,0.862068965517241,0.746268656716418,0.587996856320757,0.884944920440636,0.141702652364274,0.442689676510986,0.782435740514076,25,39,4,13,0,0
"cleveland_ncv_5x3_inner3_v1","cleveland_ncv_5x3_inner3_v1","Cleveland","random_forest",2,1,1,13210401,"rf_500_arvores_mtry_4",500,4,0.839506172839506,0.810810810810811,0.863636363636364,0.833333333333333,0.821917808219178,0.676110425245246,0.924447174447175,0.110853803106783,0.357324212459897,0.837223587223587,30,38,6,7,0,0
"cleveland_ncv_5x3_inner3_v1","cleveland_ncv_5x3_inner3_v1","Cleveland","random_forest",2,1,2,13210402,"rf_500_arvores_mtry_4",500,4,0.827160493827161,0.837837837837838,0.818181818181818,0.794871794871795,0.815789473684211,0.654014088330234,0.905405405405405,0.124254413022592,0.396431345732217,0.828009828009828,31,36,8,6,0,0
"cleveland_ncv_5x3_inner3_v1","cleveland_ncv_5x3_inner3_v1","Cleveland","random_forest",2,1,3,13210403,"rf_500_arvores_mtry_4",500,4,0.802469135802469,0.631578947368421,0.953488372093023,0.923076923076923,0.75,0.625408597853699,0.891064871481028,0.141110467425324,0.43928214416729,0.792533659730722,24,41,2,14,0,0
"cleveland_ncv_5x3_inner3_v1","cleveland_ncv_5x3_inner3_v1","Cleveland","random_forest",2,2,1,13220101,"rf_300_arvores_mtry_3",300,3,0.8375,0.837837837837838,0.837209302325581,0.815789473684211,0.826666666666667,0.673988906027626,0.924575738529227,0.114381420255728,0.371106456339872,0.83752357008171,31,36,7,6,0,0
"cleveland_ncv_5x3_inner3_v1","cleveland_ncv_5x3_inner3_v1","Cleveland","random_forest",2,2,2,13220102,"rf_300_arvores_mtry_3",300,3,0.814814814814815,0.702702702702703,0.909090909090909,0.866666666666667,0.776119402985075,0.63108291477782,0.861793611793612,0.144377763401703,0.450129437682654,0.805896805896806,26,40,4,11,0,0
"cleveland_ncv_5x3_inner3_v1","cleveland_ncv_5x3_inner3_v1","Cleveland","random_forest",2,2,3,13220103,"rf_300_arvores_mtry_3",300,3,0.864197530864197,0.837837837837838,0.886363636363636,0.861111111111111,0.849315068493151,0.725987423828911,0.923832923832924,0.106392604507726,0.34863102193881,0.862100737100737,31,39,5,6,0,0
"cleveland_ncv_5x3_inner3_v1","cleveland_ncv_5x3_inner3_v1","Cleveland","random_forest",2,2,1,13220201,"rf_500_arvores_mtry_3",500,3,0.85,0.810810810810811,0.883720930232558,0.857142857142857,0.833333333333333,0.698050607094749,0.925204274041483,0.112657249864398,0.369029280861957,0.847265870521684,30,38,5,7,0,0
"cleveland_ncv_5x3_inner3_v1","cleveland_ncv_5x3_inner3_v1","Cleveland","random_forest",2,2,2,13220202,"rf_500_arvores_mtry_3",500,3,0.802469135802469,0.675675675675676,0.909090909090909,0.862068965517241,0.757575757575758,0.607587845379288,0.872850122850123,0.138351974891621,0.436389210593874,0.792383292383292,25,40,4,12,0,0
"cleveland_ncv_5x3_inner3_v1","cleveland_ncv_5x3_inner3_v1","Cleveland","random_forest",2,2,3,13220203,"rf_500_arvores_mtry_3",500,3,0.864197530864197,0.837837837837838,0.886363636363636,0.861111111111111,0.849315068493151,0.725987423828911,0.923832923832924,0.106544121401661,0.351427185290794,0.862100737100737,31,39,5,6,0,0
"cleveland_ncv_5x3_inner3_v1","cleveland_ncv_5x3_inner3_v1","Cleveland","random_forest",2,2,1,13220301,"rf_300_arvores_mtry_4",300,4,0.825,0.783783783783784,0.86046511627907,0.828571428571429,0.805555555555556,0.647513006581102,0.917661847894406,0.117757708898065,0.377388115296706,0.822124450031427,29,37,6,8,0,0
"cleveland_ncv_5x3_inner3_v1","cleveland_ncv_5x3_inner3_v1","Cleveland","random_forest",2,2,2,13220302,"rf_300_arvores_mtry_4",300,4,0.827160493827161,0.72972972972973,0.909090909090909,0.870967741935484,0.794117647058823,0.654696908142438,0.871007371007371,0.139606455531791,0.441401313615087,0.819410319410319,27,40,4,10,0,0
"cleveland_ncv_5x3_inner3_v1","cleveland_ncv_5x3_inner3_v1","Cleveland","random_forest",2,2,3,13220303,"rf_300_arvores_mtry_4",300,4,0.864197530864197,0.837837837837838,0.886363636363636,0.861111111111111,0.849315068493151,0.725987423828911,0.915847665847666,0.108530277154722,0.355826793779729,0.862100737100737,31,39,5,6,0,0
"cleveland_ncv_5x3_inner3_v1","cleveland_ncv_5x3_inner3_v1","Cleveland","random_forest",2,2,1,13220401,"rf_500_arvores_mtry_4",500,4,0.8125,0.810810810810811,0.813953488372093,0.789473684210526,0.8,0.623784890681062,0.918290383406662,0.118210600149306,0.378383904098924,0.812382149591452,30,35,8,7,0,0
"cleveland_ncv_5x3_inner3_v1","cleveland_ncv_5x3_inner3_v1","Cleveland","random_forest",2,2,2,13220402,"rf_500_arvores_mtry_4",500,4,0.827160493827161,0.702702702702703,0.931818181818182,0.896551724137931,0.787878787878788,0.65928387003866,0.861793611793612,0.140552774266118,0.452674803590935,0.817260442260442,26,41,3,11,0,0
"cleveland_ncv_5x3_inner3_v1","cleveland_ncv_5x3_inner3_v1","Cleveland","random_forest",2,2,3,13220403,"rf_500_arvores_mtry_4",500,4,0.864197530864197,0.837837837837838,0.886363636363636,0.861111111111111,0.849315068493151,0.725987423828911,0.92014742014742,0.107625800651329,0.350448295249089,0.862100737100737,31,39,5,6,0,0
"cleveland_ncv_5x3_inner3_v1","cleveland_ncv_5x3_inner3_v1","Cleveland","random_forest",2,3,1,13230101,"rf_300_arvores_mtry_3",300,3,0.8,0.864864864864865,0.744186046511628,0.744186046511628,0.8,0.609050911376493,0.90634820867379,0.130161778307761,0.401838789339074,0.804525455688246,32,32,11,5,0,0
"cleveland_ncv_5x3_inner3_v1","cleveland_ncv_5x3_inner3_v1","Cleveland","random_forest",2,3,2,13230102,"rf_300_arvores_mtry_3",300,3,0.802469135802469,0.72972972972973,0.863636363636364,0.818181818181818,0.771428571428571,0.601550839912785,0.877764127764128,0.144274591921397,0.438959003349426,0.796683046683047,27,38,6,10,0,0
"cleveland_ncv_5x3_inner3_v1","cleveland_ncv_5x3_inner3_v1","Cleveland","random_forest",2,3,3,13230103,"rf_300_arvores_mtry_3",300,3,0.802469135802469,0.702702702702703,0.886363636363636,0.838709677419355,0.764705882352941,0.603706091258267,0.858108108108108,0.149888600581397,0.464047167009959,0.79453316953317,26,39,5,11,0,0
"cleveland_ncv_5x3_inner3_v1","cleveland_ncv_5x3_inner3_v1","Cleveland","random_forest",2,3,1,13230201,"rf_500_arvores_mtry_3",500,3,0.8,0.864864864864865,0.744186046511628,0.744186046511628,0.8,0.609050911376493,0.915776241357637,0.123600470460364,0.384844567937338,0.804525455688246,32,32,11,5,0,0
"cleveland_ncv_5x3_inner3_v1","cleveland_ncv_5x3_inner3_v1","Cleveland","random_forest",2,3,2,13230202,"rf_500_arvores_mtry_3",500,3,0.802469135802469,0.72972972972973,0.863636363636364,0.818181818181818,0.771428571428571,0.601550839912785,0.882678132678133,0.140981711668545,0.431667963258905,0.796683046683047,27,38,6,10,0,0
"cleveland_ncv_5x3_inner3_v1","cleveland_ncv_5x3_inner3_v1","Cleveland","random_forest",2,3,3,13230203,"rf_500_arvores_mtry_3",500,3,0.814814814814815,0.72972972972973,0.886363636363636,0.84375,0.782608695652174,0.627770210843286,0.863022113022113,0.149221531776198,0.460163610458704,0.808046683046683,27,39,5,10,0,0
"cleveland_ncv_5x3_inner3_v1","cleveland_ncv_5x3_inner3_v1","Cleveland","random_forest",2,3,1,13230301,"rf_300_arvores_mtry_4",300,4,0.825,0.891891891891892,0.767441860465116,0.767441860465116,0.825,0.659333752357008,0.913262099308611,0.125857680166604,0.389210602930274,0.829666876178504,33,33,10,4,0,0
"cleveland_ncv_5x3_inner3_v1","cleveland_ncv_5x3_inner3_v1","Cleveland","random_forest",2,3,2,13230302,"rf_300_arvores_mtry_4",300,4,0.814814814814815,0.72972972972973,0.886363636363636,0.84375,0.782608695652174,0.627770210843286,0.882063882063882,0.141216950007621,0.432059971294803,0.808046683046683,27,39,5,10,0,0
"cleveland_ncv_5x3_inner3_v1","cleveland_ncv_5x3_inner3_v1","Cleveland","random_forest",2,3,3,13230303,"rf_300_arvores_mtry_4",300,4,0.802469135802469,0.702702702702703,0.886363636363636,0.838709677419355,0.764705882352941,0.603706091258267,0.856879606879607,0.150866880408233,0.466266529465094,0.79453316953317,26,39,5,11,0,0
"cleveland_ncv_5x3_inner3_v1","cleveland_ncv_5x3_inner3_v1","Cleveland","random_forest",2,3,1,13230401,"rf_500_arvores_mtry_4",500,4,0.8125,0.864864864864865,0.767441860465116,0.761904761904762,0.810126582278481,0.631315492983046,0.912005028284098,0.127392376488237,0.392703858790919,0.816153362664991,32,33,10,5,0,0
"cleveland_ncv_5x3_inner3_v1","cleveland_ncv_5x3_inner3_v1","Cleveland","random_forest",2,3,2,13230402,"rf_500_arvores_mtry_4",500,4,0.790123456790123,0.72972972972973,0.840909090909091,0.794117647058823,0.76056338028169,0.575970348660924,0.875921375921376,0.144236441439707,0.439008287578594,0.78531941031941,27,37,7,10,0,0
"cleveland_ncv_5x3_inner3_v1","cleveland_ncv_5x3_inner3_v1","Cleveland","random_forest",2,3,3,13230403,"rf_500_arvores_mtry_4",500,4,0.802469135802469,0.675675675675676,0.909090909090909,0.862068965517241,0.757575757575758,0.607587845379288,0.855651105651106,0.151570641825703,0.47172754251522,0.792383292383292,25,40,4,12,0,0
"cleveland_ncv_5x3_inner3_v1","cleveland_ncv_5x3_inner3_v1","Cleveland","random_forest",2,4,1,13240101,"rf_300_arvores_mtry_3",300,3,0.839506172839506,0.837837837837838,0.840909090909091,0.815789473684211,0.826666666666667,0.677499613275602,0.900491400491401,0.134507430674477,0.414188261421173,0.839373464373464,31,37,7,6,0,0
"cleveland_ncv_5x3_inner3_v1","cleveland_ncv_5x3_inner3_v1","Cleveland","random_forest",2,4,2,13240102,"rf_300_arvores_mtry_3",300,3,0.753086419753086,0.648648648648649,0.840909090909091,0.774193548387097,0.705882352941177,0.501724457489926,0.835995085995086,0.161343811877268,0.481604916282916,0.74477886977887,24,37,7,13,0,0
"cleveland_ncv_5x3_inner3_v1","cleveland_ncv_5x3_inner3_v1","Cleveland","random_forest",2,4,3,13240103,"rf_300_arvores_mtry_3",300,3,0.839506172839506,0.72972972972973,0.931818181818182,0.9,0.805970149253731,0.682405922907341,0.937346437346437,0.115712685035324,0.379996781506644,0.830773955773956,27,41,3,10,0,0
"cleveland_ncv_5x3_inner3_v1","cleveland_ncv_5x3_inner3_v1","Cleveland","random_forest",2,4,1,13240201,"rf_500_arvores_mtry_3",500,3,0.839506172839506,0.864864864864865,0.818181818181818,0.8,0.831168831168831,0.680543143713934,0.902334152334152,0.132946805577767,0.409285879144013,0.841523341523342,32,36,8,5,0,0
"cleveland_ncv_5x3_inner3_v1","cleveland_ncv_5x3_inner3_v1","Cleveland","random_forest",2,4,2,13240202,"rf_500_arvores_mtry_3",500,3,0.740740740740741,0.621621621621622,0.840909090909091,0.766666666666667,0.686567164179104,0.477113890389255,0.835995085995086,0.160179098798852,0.478677550769926,0.731265356265356,23,37,7,14,0,0
"cleveland_ncv_5x3_inner3_v1","cleveland_ncv_5x3_inner3_v1","Cleveland","random_forest",2,4,3,13240203,"rf_500_arvores_mtry_3",500,3,0.827160493827161,0.702702702702703,0.931818181818182,0.896551724137931,0.787878787878788,0.65928387003866,0.931818181818182,0.117123526206859,0.381827527292552,0.817260442260442,26,41,3,11,0,0
"cleveland_ncv_5x3_inner3_v1","cleveland_ncv_5x3_inner3_v1","Cleveland","random_forest",2,4,1,13240301,"rf_300_arvores_mtry_4",300,4,0.839506172839506,0.891891891891892,0.795454545454545,0.785714285714286,0.835443037974684,0.685245098166229,0.893734643734644,0.136344519623533,0.416655157422995,0.843673218673219,33,35,9,4,0,0
"cleveland_ncv_5x3_inner3_v1","cleveland_ncv_5x3_inner3_v1","Cleveland","random_forest",2,4,2,13240302,"rf_300_arvores_mtry_4",300,4,0.753086419753086,0.648648648648649,0.840909090909091,0.774193548387097,0.705882352941177,0.501724457489926,0.834152334152334,0.161208209850622,0.480794745894039,0.74477886977887,24,37,7,13,0,0
"cleveland_ncv_5x3_inner3_v1","cleveland_ncv_5x3_inner3_v1","Cleveland","random_forest",2,4,3,13240303,"rf_300_arvores_mtry_4",300,4,0.839506172839506,0.72972972972973,0.931818181818182,0.9,0.805970149253731,0.682405922907341,0.923218673218673,0.119970264606254,0.386820140932486,0.830773955773956,27,41,3,10,0,0
"cleveland_ncv_5x3_inner3_v1","cleveland_ncv_5x3_inner3_v1","Cleveland","random_forest",2,4,1,13240401,"rf_500_arvores_mtry_4",500,4,0.839506172839506,0.891891891891892,0.795454545454545,0.785714285714286,0.835443037974684,0.685245098166229,0.898648648648649,0.133838038870412,0.41099272678863,0.843673218673219,33,35,9,4,0,0
"cleveland_ncv_5x3_inner3_v1","cleveland_ncv_5x3_inner3_v1","Cleveland","random_forest",2,4,2,13240402,"rf_500_arvores_mtry_4",500,4,0.765432098765432,0.648648648648649,0.863636363636364,0.8,0.716417910447761,0.528436898518777,0.828009828009828,0.163588519789083,0.488118868291588,0.756142506142506,24,38,6,13,0,0
"cleveland_ncv_5x3_inner3_v1","cleveland_ncv_5x3_inner3_v1","Cleveland","random_forest",2,4,3,13240403,"rf_500_arvores_mtry_4",500,4,0.827160493827161,0.702702702702703,0.931818181818182,0.896551724137931,0.787878787878788,0.65928387003866,0.931818181818182,0.11793670739425,0.38179708019673,0.817260442260442,26,41,3,11,0,0
"cleveland_ncv_5x3_inner3_v1","cleveland_ncv_5x3_inner3_v1","Cleveland","random_forest",2,5,1,13250101,"rf_300_arvores_mtry_3",300,3,0.8125,0.756756756756757,0.86046511627907,0.823529411764706,0.788732394366197,0.622526758287035,0.88874921433061,0.132467603100468,0.412056465729366,0.808610936517913,28,37,6,9,0,0
"cleveland_ncv_5x3_inner3_v1","cleveland_ncv_5x3_inner3_v1","Cleveland","random_forest",2,5,2,13250102,"rf_300_arvores_mtry_3",300,3,0.851851851851852,0.864864864864865,0.840909090909091,0.82051282051282,0.842105263157895,0.703616280422696,0.885749385749386,0.138871935603292,0.439421526845128,0.852886977886978,32,37,7,5,0,0
"cleveland_ncv_5x3_inner3_v1","cleveland_ncv_5x3_inner3_v1","Cleveland","random_forest",2,5,3,13250103,"rf_300_arvores_mtry_3",300,3,0.827160493827161,0.756756756756757,0.886363636363636,0.848484848484849,0.8,0.651991438290565,0.912162162162162,0.124145661840979,0.404469642463783,0.821560196560197,28,39,5,9,0,0
"cleveland_ncv_5x3_inner3_v1","cleveland_ncv_5x3_inner3_v1","Cleveland","random_forest",2,5,1,13250201,"rf_500_arvores_mtry_3",500,3,0.8125,0.756756756756757,0.86046511627907,0.823529411764706,0.788732394366197,0.622526758287035,0.896920175989943,0.131251418124412,0.408996184182771,0.808610936517913,28,37,6,9,0,0
"cleveland_ncv_5x3_inner3_v1","cleveland_ncv_5x3_inner3_v1","Cleveland","random_forest",2,5,2,13250202,"rf_500_arvores_mtry_3",500,3,0.839506172839506,0.837837837837838,0.840909090909091,0.815789473684211,0.826666666666667,0.677499613275602,0.886977886977887,0.138763490954658,0.438233328342065,0.839373464373464,31,37,7,6,0,0
"cleveland_ncv_5x3_inner3_v1","cleveland_ncv_5x3_inner3_v1","Cleveland","random_forest",2,5,3,13250203,"rf_500_arvores_mtry_3",500,3,0.777777777777778,0.702702702702703,0.840909090909091,0.787878787878788,0.742857142857143,0.551110241535005,0.915847665847666,0.122651569521863,0.394844052821688,0.771805896805897,26,37,7,11,0,0
"cleveland_ncv_5x3_inner3_v1","cleveland_ncv_5x3_inner3_v1","Cleveland","random_forest",2,5,1,13250301,"rf_300_arvores_mtry_4",300,4,0.825,0.756756756756757,0.883720930232558,0.848484848484849,0.8,0.648684013782532,0.883092394720302,0.137241205288088,0.422953138756217,0.820238843494657,28,38,5,9,0,0
"cleveland_ncv_5x3_inner3_v1","cleveland_ncv_5x3_inner3_v1","Cleveland","random_forest",2,5,2,13250302,"rf_300_arvores_mtry_4",300,4,0.851851851851852,0.864864864864865,0.840909090909091,0.82051282051282,0.842105263157895,0.703616280422696,0.885135135135135,0.138043220138004,0.436031045641423,0.852886977886978,32,37,7,5,0,0
"cleveland_ncv_5x3_inner3_v1","cleveland_ncv_5x3_inner3_v1","Cleveland","random_forest",2,5,3,13250303,"rf_300_arvores_mtry_4",300,4,0.790123456790123,0.702702702702703,0.863636363636364,0.8125,0.753623188405797,0.577072915650558,0.910933660933661,0.125397551287913,0.395648430514396,0.783169533169533,26,38,6,11,0,0
"cleveland_ncv_5x3_inner3_v1","cleveland_ncv_5x3_inner3_v1","Cleveland","random_forest",2,5,1,13250401,"rf_500_arvores_mtry_4",500,4,0.825,0.756756756756757,0.883720930232558,0.848484848484849,0.8,0.648684013782532,0.887492143306097,0.134801956819444,0.415254618529882,0.820238843494657,28,38,5,9,0,0
"cleveland_ncv_5x3_inner3_v1","cleveland_ncv_5x3_inner3_v1","Cleveland","random_forest",2,5,2,13250402,"rf_500_arvores_mtry_4",500,4,0.851851851851852,0.864864864864865,0.840909090909091,0.82051282051282,0.842105263157895,0.703616280422696,0.883292383292383,0.13717178225608,0.434439378208786,0.852886977886978,32,37,7,5,0,0
"cleveland_ncv_5x3_inner3_v1","cleveland_ncv_5x3_inner3_v1","Cleveland","random_forest",2,5,3,13250403,"rf_500_arvores_mtry_4",500,4,0.802469135802469,0.72972972972973,0.863636363636364,0.818181818181818,0.771428571428571,0.601550839912785,0.907248157248157,0.126198324465314,0.403551276373844,0.796683046683047,27,38,6,10,0,0
"cleveland_ncv_5x3_inner3_v1","cleveland_ncv_5x3_inner3_v1","Cleveland","random_forest",3,1,1,13310101,"rf_300_arvores_mtry_3",300,3,0.777777777777778,0.756756756756757,0.795454545454545,0.756756756756757,0.756756756756757,0.552211302211302,0.873464373464373,0.142364893466932,0.442052062082343,0.776105651105651,28,35,9,9,0,0
"cleveland_ncv_5x3_inner3_v1","cleveland_ncv_5x3_inner3_v1","Cleveland","random_forest",3,1,2,13310102,"rf_300_arvores_mtry_3",300,3,0.765432098765432,0.675675675675676,0.840909090909091,0.78125,0.72463768115942,0.52637562045783,0.865479115479115,0.153709610553422,0.46062896610979,0.758292383292383,25,37,7,12,0,0
"cleveland_ncv_5x3_inner3_v1","cleveland_ncv_5x3_inner3_v1","Cleveland","random_forest",3,1,3,13310103,"rf_300_arvores_mtry_3",300,3,0.8375,0.864864864864865,0.813953488372093,0.8,0.831168831168831,0.676906484261265,0.907605279698303,0.126328222965938,0.400970177668301,0.839409176618479,32,35,8,5,0,0
"cleveland_ncv_5x3_inner3_v1","cleveland_ncv_5x3_inner3_v1","Cleveland","random_forest",3,1,1,13310201,"rf_500_arvores_mtry_3",500,3,0.765432098765432,0.756756756756757,0.772727272727273,0.736842105263158,0.746666666666667,0.528511010537166,0.874692874692875,0.145044403641736,0.444922909703384,0.764742014742015,28,34,10,9,0,0
"cleveland_ncv_5x3_inner3_v1","cleveland_ncv_5x3_inner3_v1","Cleveland","random_forest",3,1,2,13310202,"rf_500_arvores_mtry_3",500,3,0.777777777777778,0.702702702702703,0.840909090909091,0.787878787878788,0.742857142857143,0.551110241535005,0.861793611793612,0.154850979895118,0.467906281072054,0.771805896805897,26,37,7,11,0,0
"cleveland_ncv_5x3_inner3_v1","cleveland_ncv_5x3_inner3_v1","Cleveland","random_forest",3,1,3,13310203,"rf_500_arvores_mtry_3",500,3,0.8625,0.864864864864865,0.86046511627907,0.842105263157895,0.853333333333333,0.72419292137419,0.911376492771842,0.125278180979971,0.400945987795617,0.862664990571967,32,37,6,5,0,0
"cleveland_ncv_5x3_inner3_v1","cleveland_ncv_5x3_inner3_v1","Cleveland","random_forest",3,1,1,13310301,"rf_300_arvores_mtry_4",300,4,0.765432098765432,0.756756756756757,0.772727272727273,0.736842105263158,0.746666666666667,0.528511010537166,0.877149877149877,0.145322850747615,0.447272797315634,0.764742014742015,28,34,10,9,0,0
"cleveland_ncv_5x3_inner3_v1","cleveland_ncv_5x3_inner3_v1","Cleveland","random_forest",3,1,2,13310302,"rf_300_arvores_mtry_4",300,4,0.740740740740741,0.675675675675676,0.795454545454545,0.735294117647059,0.704225352112676,0.475532031671613,0.847665847665848,0.161532467306813,0.484774416980088,0.735565110565111,25,35,9,12,0,0
"cleveland_ncv_5x3_inner3_v1","cleveland_ncv_5x3_inner3_v1","Cleveland","random_forest",3,1,3,13310303,"rf_300_arvores_mtry_4",300,4,0.8125,0.864864864864865,0.767441860465116,0.761904761904762,0.810126582278481,0.631315492983046,0.904462602137021,0.128788135915848,0.40455875186248,0.816153362664991,32,33,10,5,0,0
"cleveland_ncv_5x3_inner3_v1","cleveland_ncv_5x3_inner3_v1","Cleveland","random_forest",3,1,1,13310401,"rf_500_arvores_mtry_4",500,4,0.777777777777778,0.756756756756757,0.795454545454545,0.756756756756757,0.756756756756757,0.552211302211302,0.875921375921376,0.143483316894373,0.442171217889361,0.776105651105651,28,35,9,9,0,0
"cleveland_ncv_5x3_inner3_v1","cleveland_ncv_5x3_inner3_v1","Cleveland","random_forest",3,1,2,13310402,"rf_500_arvores_mtry_4",500,4,0.765432098765432,0.702702702702703,0.818181818181818,0.764705882352941,0.732394366197183,0.525751190166268,0.858108108108108,0.157548351568895,0.472365479763798,0.76044226044226,26,36,8,11,0,0
"cleveland_ncv_5x3_inner3_v1","cleveland_ncv_5x3_inner3_v1","Cleveland","random_forest",3,1,3,13310403,"rf_500_arvores_mtry_4",500,4,0.8375,0.864864864864865,0.813953488372093,0.8,0.831168831168831,0.676906484261265,0.912005028284098,0.125136711428075,0.395957747832244,0.839409176618479,32,35,8,5,0,0
"cleveland_ncv_5x3_inner3_v1","cleveland_ncv_5x3_inner3_v1","Cleveland","random_forest",3,2,1,13320101,"rf_300_arvores_mtry_3",300,3,0.802469135802469,0.675675675675676,0.909090909090909,0.862068965517241,0.757575757575758,0.607587845379288,0.894963144963145,0.138861571491375,0.424948962098361,0.792383292383292,25,40,4,12,0,0
"cleveland_ncv_5x3_inner3_v1","cleveland_ncv_5x3_inner3_v1","Cleveland","random_forest",3,2,2,13320102,"rf_300_arvores_mtry_3",300,3,0.753086419753086,0.837837837837838,0.681818181818182,0.688888888888889,0.75609756097561,0.52093754076273,0.889434889434889,0.142184950873907,0.444337291755496,0.75982800982801,31,30,14,6,0,0
"cleveland_ncv_5x3_inner3_v1","cleveland_ncv_5x3_inner3_v1","Cleveland","random_forest",3,2,3,13320103,"rf_300_arvores_mtry_3",300,3,0.864197530864197,0.763157894736842,0.953488372093023,0.935483870967742,0.840579710144927,0.73580887177256,0.940024479804162,0.103501248868724,0.349800837227525,0.858323133414933,29,41,2,9,0,0
"cleveland_ncv_5x3_inner3_v1","cleveland_ncv_5x3_inner3_v1","Cleveland","random_forest",3,2,1,13320201,"rf_500_arvores_mtry_3",500,3,0.790123456790123,0.648648648648649,0.909090909090909,0.857142857142857,0.738461538461539,0.584173292438176,0.893120393120393,0.140822684703466,0.428142534271236,0.778869778869779,24,40,4,13,0,0
"cleveland_ncv_5x3_inner3_v1","cleveland_ncv_5x3_inner3_v1","Cleveland","random_forest",3,2,2,13320202,"rf_500_arvores_mtry_3",500,3,0.753086419753086,0.837837837837838,0.681818181818182,0.688888888888889,0.75609756097561,0.52093754076273,0.89004914004914,0.142422209898294,0.451359676446008,0.75982800982801,31,30,14,6,0,0
"cleveland_ncv_5x3_inner3_v1","cleveland_ncv_5x3_inner3_v1","Cleveland","random_forest",3,2,3,13320203,"rf_500_arvores_mtry_3",500,3,0.851851851851852,0.763157894736842,0.930232558139535,0.90625,0.828571428571429,0.707833079051174,0.935128518971848,0.105883088587195,0.3550248523457,0.846695226438189,29,40,3,9,0,0
"cleveland_ncv_5x3_inner3_v1","cleveland_ncv_5x3_inner3_v1","Cleveland","random_forest",3,2,1,13320301,"rf_300_arvores_mtry_4",300,4,0.790123456790123,0.648648648648649,0.909090909090909,0.857142857142857,0.738461538461539,0.584173292438176,0.885749385749386,0.142646518690375,0.435319124880475,0.778869778869779,24,40,4,13,0,0
"cleveland_ncv_5x3_inner3_v1","cleveland_ncv_5x3_inner3_v1","Cleveland","random_forest",3,2,2,13320302,"rf_300_arvores_mtry_4",300,4,0.765432098765432,0.810810810810811,0.727272727272727,0.714285714285714,0.759493670886076,0.536438521888844,0.882678132678133,0.142972236497983,0.448905558667795,0.769041769041769,30,32,12,7,0,0
"cleveland_ncv_5x3_inner3_v1","cleveland_ncv_5x3_inner3_v1","Cleveland","random_forest",3,2,3,13320303,"rf_300_arvores_mtry_4",300,4,0.839506172839506,0.763157894736842,0.906976744186046,0.878787878787879,0.816901408450704,0.680629086245427,0.936964504283966,0.105089757375476,0.349308765904102,0.835067319461444,29,39,4,9,0,0
"cleveland_ncv_5x3_inner3_v1","cleveland_ncv_5x3_inner3_v1","Cleveland","random_forest",3,2,1,13320401,"rf_500_arvores_mtry_4",500,4,0.802469135802469,0.648648648648649,0.931818181818182,0.888888888888889,0.75,0.613374682578684,0.886977886977887,0.141075311772812,0.428312508194673,0.790233415233415,24,41,3,13,0,0
"cleveland_ncv_5x3_inner3_v1","cleveland_ncv_5x3_inner3_v1","Cleveland","random_forest",3,2,2,13320402,"rf_500_arvores_mtry_4",500,4,0.753086419753086,0.810810810810811,0.704545454545455,0.697674418604651,0.75,0.514409208631882,0.889434889434889,0.142090082959534,0.443908060186554,0.757678132678133,30,31,13,7,0,0
"cleveland_ncv_5x3_inner3_v1","cleveland_ncv_5x3_inner3_v1","Cleveland","random_forest",3,2,3,13320403,"rf_500_arvores_mtry_4",500,4,0.851851851851852,0.736842105263158,0.953488372093023,0.933333333333333,0.823529411764706,0.713406986511748,0.932068543451652,0.106473872044425,0.353739124872148,0.845165238678091,28,41,2,10,0,0
"cleveland_ncv_5x3_inner3_v1","cleveland_ncv_5x3_inner3_v1","Cleveland","random_forest",3,3,1,13330101,"rf_300_arvores_mtry_3",300,3,0.825,0.783783783783784,0.86046511627907,0.828571428571429,0.805555555555556,0.647513006581102,0.878692646134507,0.141719242176024,0.445273432775642,0.822124450031427,29,37,6,8,0,0
"cleveland_ncv_5x3_inner3_v1","cleveland_ncv_5x3_inner3_v1","Cleveland","random_forest",3,3,2,13330102,"rf_300_arvores_mtry_3",300,3,0.827160493827161,0.756756756756757,0.886363636363636,0.848484848484849,0.8,0.651991438290565,0.926904176904177,0.113874630946027,0.367310888082079,0.821560196560197,28,39,5,9,0,0
"cleveland_ncv_5x3_inner3_v1","cleveland_ncv_5x3_inner3_v1","Cleveland","random_forest",3,3,3,13330103,"rf_300_arvores_mtry_3",300,3,0.827160493827161,0.783783783783784,0.863636363636364,0.828571428571429,0.805555555555556,0.651029206861608,0.902334152334152,0.13010107900981,0.414400306418648,0.823710073710074,29,38,6,8,0,0
"cleveland_ncv_5x3_inner3_v1","cleveland_ncv_5x3_inner3_v1","Cleveland","random_forest",3,3,1,13330201,"rf_500_arvores_mtry_3",500,3,0.8125,0.72972972972973,0.883720930232558,0.84375,0.782608695652174,0.624337067230277,0.862979258328096,0.145709551226605,0.45341787763591,0.806725329981144,27,38,5,10,0,0
"cleveland_ncv_5x3_inner3_v1","cleveland_ncv_5x3_inner3_v1","Cleveland","random_forest",3,3,2,13330202,"rf_500_arvores_mtry_3",500,3,0.839506172839506,0.756756756756757,0.909090909090909,0.875,0.811594202898551,0.678467506036014,0.92997542997543,0.11275822556094,0.363311386468741,0.832923832923833,28,40,4,9,0,0
"cleveland_ncv_5x3_inner3_v1","cleveland_ncv_5x3_inner3_v1","Cleveland","random_forest",3,3,3,13330203,"rf_500_arvores_mtry_3",500,3,0.851851851851852,0.810810810810811,0.886363636363636,0.857142857142857,0.833333333333333,0.701060863176399,0.895577395577396,0.132279638483455,0.421683290483139,0.848587223587224,30,39,5,7,0,0
"cleveland_ncv_5x3_inner3_v1","cleveland_ncv_5x3_inner3_v1","Cleveland","random_forest",3,3,1,13330301,"rf_300_arvores_mtry_4",300,4,0.8125,0.72972972972973,0.883720930232558,0.84375,0.782608695652174,0.624337067230277,0.87806411062225,0.141323567650857,0.444365410826483,0.806725329981144,27,38,5,10,0,0
"cleveland_ncv_5x3_inner3_v1","cleveland_ncv_5x3_inner3_v1","Cleveland","random_forest",3,3,2,13330302,"rf_300_arvores_mtry_4",300,4,0.839506172839506,0.783783783783784,0.886363636363636,0.852941176470588,0.816901408450704,0.676408665650234,0.924447174447175,0.112384608329523,0.361288344043141,0.83507371007371,29,39,5,8,0,0
"cleveland_ncv_5x3_inner3_v1","cleveland_ncv_5x3_inner3_v1","Cleveland","random_forest",3,3,3,13330303,"rf_300_arvores_mtry_4",300,4,0.827160493827161,0.756756756756757,0.886363636363636,0.848484848484849,0.8,0.651991438290565,0.905405405405405,0.130661409296544,0.413173986354837,0.821560196560197,28,39,5,9,0,0
"cleveland_ncv_5x3_inner3_v1","cleveland_ncv_5x3_inner3_v1","Cleveland","random_forest",3,3,1,13330401,"rf_500_arvores_mtry_4",500,4,0.8,0.72972972972973,0.86046511627907,0.818181818181818,0.771428571428571,0.597756907695581,0.870521684475173,0.142217129124575,0.44319413330027,0.7950974230044,27,37,6,10,0,0
"cleveland_ncv_5x3_inner3_v1","cleveland_ncv_5x3_inner3_v1","Cleveland","random_forest",3,3,2,13330402,"rf_500_arvores_mtry_4",500,4,0.839506172839506,0.783783783783784,0.886363636363636,0.852941176470588,0.816901408450704,0.676408665650234,0.922604422604423,0.113692101715481,0.364352789859956,0.83507371007371,29,39,5,8,0,0
"cleveland_ncv_5x3_inner3_v1","cleveland_ncv_5x3_inner3_v1","Cleveland","random_forest",3,3,3,13330403,"rf_500_arvores_mtry_4",500,4,0.864197530864197,0.810810810810811,0.909090909090909,0.882352941176471,0.845070422535211,0.72662782414489,0.905405405405405,0.127335695778594,0.405874213349574,0.85995085995086,30,40,4,7,0,0
"cleveland_ncv_5x3_inner3_v1","cleveland_ncv_5x3_inner3_v1","Cleveland","random_forest",3,4,1,13340101,"rf_300_arvores_mtry_3",300,3,0.8125,0.72972972972973,0.883720930232558,0.84375,0.782608695652174,0.624337067230277,0.880578252671276,0.137631569525661,0.440646947703871,0.806725329981144,27,38,5,10,0,0
"cleveland_ncv_5x3_inner3_v1","cleveland_ncv_5x3_inner3_v1","Cleveland","random_forest",3,4,2,13340102,"rf_300_arvores_mtry_3",300,3,0.814814814814815,0.756756756756757,0.863636363636364,0.823529411764706,0.788732394366197,0.626189507155579,0.902334152334152,0.130088691148555,0.402100520807564,0.81019656019656,28,38,6,9,0,0
"cleveland_ncv_5x3_inner3_v1","cleveland_ncv_5x3_inner3_v1","Cleveland","random_forest",3,4,3,13340103,"rf_300_arvores_mtry_3",300,3,0.851851851851852,0.864864864864865,0.840909090909091,0.82051282051282,0.842105263157895,0.703616280422696,0.91031941031941,0.116997425839162,0.380698490945409,0.852886977886978,32,37,7,5,0,0
"cleveland_ncv_5x3_inner3_v1","cleveland_ncv_5x3_inner3_v1","Cleveland","random_forest",3,4,1,13340201,"rf_500_arvores_mtry_3",500,3,0.8,0.72972972972973,0.86046511627907,0.818181818181818,0.771428571428571,0.597756907695581,0.883720930232558,0.135675198779107,0.442782214820498,0.7950974230044,27,37,6,10,0,0
"cleveland_ncv_5x3_inner3_v1","cleveland_ncv_5x3_inner3_v1","Cleveland","random_forest",3,4,2,13340202,"rf_500_arvores_mtry_3",500,3,0.802469135802469,0.72972972972973,0.863636363636364,0.818181818181818,0.771428571428571,0.601550839912785,0.903562653562654,0.13078846881154,0.401724717366809,0.796683046683047,27,38,6,10,0,0
"cleveland_ncv_5x3_inner3_v1","cleveland_ncv_5x3_inner3_v1","Cleveland","random_forest",3,4,3,13340203,"rf_500_arvores_mtry_3",500,3,0.851851851851852,0.837837837837838,0.863636363636364,0.837837837837838,0.837837837837838,0.701474201474201,0.913390663390663,0.115314173789409,0.377071202668927,0.850737100737101,31,38,6,6,0,0
"cleveland_ncv_5x3_inner3_v1","cleveland_ncv_5x3_inner3_v1","Cleveland","random_forest",3,4,1,13340301,"rf_300_arvores_mtry_4",300,4,0.8,0.72972972972973,0.86046511627907,0.818181818181818,0.771428571428571,0.597756907695581,0.885606536769327,0.136709252430556,0.434206989607589,0.7950974230044,27,37,6,10,0,0
"cleveland_ncv_5x3_inner3_v1","cleveland_ncv_5x3_inner3_v1","Cleveland","random_forest",3,4,2,13340302,"rf_300_arvores_mtry_4",300,4,0.802469135802469,0.72972972972973,0.863636363636364,0.818181818181818,0.771428571428571,0.601550839912785,0.901719901719902,0.131992356290184,0.400077578389039,0.796683046683047,27,38,6,10,0,0
"cleveland_ncv_5x3_inner3_v1","cleveland_ncv_5x3_inner3_v1","Cleveland","random_forest",3,4,3,13340303,"rf_300_arvores_mtry_4",300,4,0.851851851851852,0.837837837837838,0.863636363636364,0.837837837837838,0.837837837837838,0.701474201474201,0.91031941031941,0.118322569234873,0.388721553676219,0.850737100737101,31,38,6,6,0,0
"cleveland_ncv_5x3_inner3_v1","cleveland_ncv_5x3_inner3_v1","Cleveland","random_forest",3,4,1,13340401,"rf_500_arvores_mtry_4",500,4,0.8125,0.72972972972973,0.883720930232558,0.84375,0.782608695652174,0.624337067230277,0.88686360779384,0.136224195231497,0.446791771240066,0.806725329981144,27,38,5,10,0,0
"cleveland_ncv_5x3_inner3_v1","cleveland_ncv_5x3_inner3_v1","Cleveland","random_forest",3,4,2,13340402,"rf_500_arvores_mtry_4",500,4,0.814814814814815,0.756756756756757,0.863636363636364,0.823529411764706,0.788732394366197,0.626189507155579,0.902334152334152,0.132253567290809,0.404643196098777,0.81019656019656,28,38,6,9,0,0
"cleveland_ncv_5x3_inner3_v1","cleveland_ncv_5x3_inner3_v1","Cleveland","random_forest",3,4,3,13340403,"rf_500_arvores_mtry_4",500,4,0.851851851851852,0.837837837837838,0.863636363636364,0.837837837837838,0.837837837837838,0.701474201474201,0.914619164619165,0.115288460250343,0.376829363425743,0.850737100737101,31,38,6,6,0,0
"cleveland_ncv_5x3_inner3_v1","cleveland_ncv_5x3_inner3_v1","Cleveland","random_forest",3,5,1,13350101,"rf_300_arvores_mtry_3",300,3,0.876543209876543,0.837837837837838,0.909090909090909,0.885714285714286,0.861111111111111,0.751092519491191,0.966216216216216,0.096500859842207,0.332413790428639,0.873464373464373,31,40,4,6,0,0
"cleveland_ncv_5x3_inner3_v1","cleveland_ncv_5x3_inner3_v1","Cleveland","random_forest",3,5,2,13350102,"rf_300_arvores_mtry_3",300,3,0.777777777777778,0.72972972972973,0.818181818181818,0.771428571428571,0.75,0.550965894232025,0.837223587223587,0.164110769786343,0.490109065016925,0.773955773955774,27,36,8,10,0,0
"cleveland_ncv_5x3_inner3_v1","cleveland_ncv_5x3_inner3_v1","Cleveland","random_forest",3,5,3,13350103,"rf_300_arvores_mtry_3",300,3,0.802469135802469,0.702702702702703,0.886363636363636,0.838709677419355,0.764705882352941,0.603706091258267,0.874692874692875,0.139977348904865,0.439384285712137,0.79453316953317,26,39,5,11,0,0
"cleveland_ncv_5x3_inner3_v1","cleveland_ncv_5x3_inner3_v1","Cleveland","random_forest",3,5,1,13350201,"rf_500_arvores_mtry_3",500,3,0.876543209876543,0.837837837837838,0.909090909090909,0.885714285714286,0.861111111111111,0.751092519491191,0.96007371007371,0.098695502110676,0.337687064109267,0.873464373464373,31,40,4,6,0,0
"cleveland_ncv_5x3_inner3_v1","cleveland_ncv_5x3_inner3_v1","Cleveland","random_forest",3,5,2,13350202,"rf_500_arvores_mtry_3",500,3,0.777777777777778,0.756756756756757,0.795454545454545,0.756756756756757,0.756756756756757,0.552211302211302,0.831695331695332,0.166832301947345,0.502048068643126,0.776105651105651,28,35,9,9,0,0
"cleveland_ncv_5x3_inner3_v1","cleveland_ncv_5x3_inner3_v1","Cleveland","random_forest",3,5,3,13350203,"rf_500_arvores_mtry_3",500,3,0.802469135802469,0.702702702702703,0.886363636363636,0.838709677419355,0.764705882352941,0.603706091258267,0.880835380835381,0.140038360743942,0.447311768834702,0.79453316953317,26,39,5,11,0,0
"cleveland_ncv_5x3_inner3_v1","cleveland_ncv_5x3_inner3_v1","Cleveland","random_forest",3,5,1,13350301,"rf_300_arvores_mtry_4",300,4,0.864197530864197,0.810810810810811,0.909090909090909,0.882352941176471,0.845070422535211,0.72662782414489,0.955159705159705,0.0961819022337731,0.326855185358416,0.85995085995086,30,40,4,7,0,0
"cleveland_ncv_5x3_inner3_v1","cleveland_ncv_5x3_inner3_v1","Cleveland","random_forest",3,5,2,13350302,"rf_300_arvores_mtry_4",300,4,0.790123456790123,0.783783783783784,0.795454545454545,0.763157894736842,0.773333333333333,0.578173878116645,0.823710073710074,0.169399852232891,0.503536766276682,0.789619164619165,29,35,9,8,0,0
"cleveland_ncv_5x3_inner3_v1","cleveland_ncv_5x3_inner3_v1","Cleveland","random_forest",3,5,3,13350303,"rf_300_arvores_mtry_4",300,4,0.802469135802469,0.702702702702703,0.886363636363636,0.838709677419355,0.764705882352941,0.603706091258267,0.874078624078624,0.14124317051145,0.456703622982938,0.79453316953317,26,39,5,11,0,0
"cleveland_ncv_5x3_inner3_v1","cleveland_ncv_5x3_inner3_v1","Cleveland","random_forest",3,5,1,13350401,"rf_500_arvores_mtry_4",500,4,0.876543209876543,0.837837837837838,0.909090909090909,0.885714285714286,0.861111111111111,0.751092519491191,0.958845208845209,0.0953559231354652,0.325695902929462,0.873464373464373,31,40,4,6,0,0
"cleveland_ncv_5x3_inner3_v1","cleveland_ncv_5x3_inner3_v1","Cleveland","random_forest",3,5,2,13350402,"rf_500_arvores_mtry_4",500,4,0.765432098765432,0.756756756756757,0.772727272727273,0.736842105263158,0.746666666666667,0.528511010537166,0.835380835380835,0.16758441466537,0.502334543878456,0.764742014742015,28,34,10,9,0,0
"cleveland_ncv_5x3_inner3_v1","cleveland_ncv_5x3_inner3_v1","Cleveland","random_forest",3,5,3,13350403,"rf_500_arvores_mtry_4",500,4,0.802469135802469,0.702702702702703,0.886363636363636,0.838709677419355,0.764705882352941,0.603706091258267,0.871007371007371,0.140857320993665,0.456300374497786,0.79453316953317,26,39,5,11,0,0
