"Protocolo","Execucao","Base","Algoritmo","Repeticao","Fold_Externo","id","numero_arvores","variaveis_por_divisao","Acuracia_Media","Sensibilidade_Media","Especificidade_Media","Precisao_Media","F1_Media","MCC_Media","ROC_AUC_Media","Brier_Media","Log_Loss_Media","Acuracia_Balanceada_Media","Posicao","Selecionada"
"cleveland_ncv_5x3_inner3_v1","cleveland_ncv_5x3_inner3_v1","Cleveland","random_forest",1,1,"rf_300_arvores_mtry_3",300,3,0.80570987654321,0.756756756756757,0.84707540521494,0.817467334708714,0.782821000196631,0.612586497633484,0.904015008666171,0.129831183037769,0.407955441675148,0.801916080985848,1,TRUE
"cleveland_ncv_5x3_inner3_v1","cleveland_ncv_5x3_inner3_v1","Cleveland","random_forest",1,1,"rf_500_arvores_mtry_3",500,3,0.797376543209876,0.765765765765766,0.823819591261452,0.799874742116121,0.778195488721805,0.597424139978479,0.904414985810335,0.130763635825467,0.410965209248969,0.794792678513609,2,FALSE
"cleveland_ncv_5x3_inner3_v1","cleveland_ncv_5x3_inner3_v1","Cleveland","random_forest",1,1,"rf_500_arvores_mtry_4",500,4,0.797427983539095,0.756756756756757,0.831747709654686,0.796960797809694,0.774735912382971,0.593441739144815,0.896196407824315,0.131996216466122,0.413417517710977,0.794252233205722,3,FALSE
"cleveland_ncv_5x3_inner3_v1","cleveland_ncv_5x3_inner3_v1","Cleveland","random_forest",1,1,"rf_300_arvores_mtry_4",300,4,0.789146090534979,0.747747747747748,0.824171952078929,0.787280701754386,0.765995632320826,0.576184862455115,0.892472811077462,0.134592120178013,0.41819629981494,0.785959849913338,4,FALSE
"cleveland_ncv_5x3_inner3_v1","cleveland_ncv_5x3_inner3_v1","Cleveland","random_forest",1,2,"rf_500_arvores_mtry_4",500,4,0.797427983539095,0.756756756756757,0.831571529245948,0.798013398013398,0.774353693835234,0.594297835329843,0.885058949012437,0.137892214393912,0.428311297288435,0.794164143001352,1,TRUE
"cleveland_ncv_5x3_inner3_v1","cleveland_ncv_5x3_inner3_v1","Cleveland","random_forest",1,2,"rf_300_arvores_mtry_3",300,3,0.797479423868313,0.756756756756757,0.831747709654686,0.79521711864666,0.773940999823353,0.593084189519455,0.884011389825343,0.138155679146706,0.430142621430107,0.794252233205722,2,FALSE
"cleveland_ncv_5x3_inner3_v1","cleveland_ncv_5x3_inner3_v1","Cleveland","random_forest",1,2,"rf_500_arvores_mtry_3",500,3,0.793364197530864,0.756756756756757,0.82399577167019,0.788829151732378,0.770349983081651,0.585562187161556,0.888144486981696,0.13630595708132,0.426533434051146,0.790376264213474,3,FALSE
"cleveland_ncv_5x3_inner3_v1","cleveland_ncv_5x3_inner3_v1","Cleveland","random_forest",1,2,"rf_300_arvores_mtry_4",300,4,0.793364197530864,0.756756756756757,0.82399577167019,0.788829151732378,0.770349983081651,0.585562187161556,0.886906462487858,0.136985920451514,0.426837347319611,0.790376264213474,4,FALSE
"cleveland_ncv_5x3_inner3_v1","cleveland_ncv_5x3_inner3_v1","Cleveland","random_forest",1,3,"rf_500_arvores_mtry_4",500,4,0.872427983539095,0.828828828828829,0.909090909090909,0.884642672858617,0.854715928420766,0.744020560964338,0.917076167076167,0.117485951066402,0.374587411672553,0.868959868959869,1,TRUE
"cleveland_ncv_5x3_inner3_v1","cleveland_ncv_5x3_inner3_v1","Cleveland","random_forest",1,3,"rf_500_arvores_mtry_3",500,3,0.860082304526749,0.810810810810811,0.901515151515151,0.874385300372142,0.840193236714976,0.719327195984622,0.918509418509418,0.118303665886156,0.376901722734554,0.856162981162981,2,FALSE
"cleveland_ncv_5x3_inner3_v1","cleveland_ncv_5x3_inner3_v1","Cleveland","random_forest",1,3,"rf_300_arvores_mtry_3",300,3,0.8559670781893,0.801801801801802,0.901515151515151,0.87147659022659,0.834357338705165,0.71039501616481,0.917690417690418,0.118214301036964,0.37795505925022,0.851658476658477,3,FALSE
"cleveland_ncv_5x3_inner3_v1","cleveland_ncv_5x3_inner3_v1","Cleveland","random_forest",1,3,"rf_300_arvores_mtry_4",300,4,0.847736625514403,0.801801801801802,0.886363636363636,0.858893267811674,0.827512027791102,0.69523755703318,0.917690417690418,0.116822915946277,0.372299110572401,0.844082719082719,4,FALSE
"cleveland_ncv_5x3_inner3_v1","cleveland_ncv_5x3_inner3_v1","Cleveland","random_forest",1,4,"rf_500_arvores_mtry_3",500,3,0.802469135802469,0.749881460407776,0.846546863988724,0.814583333333333,0.779264214046823,0.604217579847795,0.885730339218711,0.141387349589746,0.438077680926295,0.79821416219825,1,TRUE
"cleveland_ncv_5x3_inner3_v1","cleveland_ncv_5x3_inner3_v1","Cleveland","random_forest",1,4,"rf_500_arvores_mtry_4",500,4,0.798353909465021,0.740872451398767,0.846723044397463,0.810261423164649,0.772650878533231,0.595216341932477,0.875305371021405,0.14413936168651,0.444602582589385,0.793797747898115,2,FALSE
"cleveland_ncv_5x3_inner3_v1","cleveland_ncv_5x3_inner3_v1","Cleveland","random_forest",1,4,"rf_300_arvores_mtry_3",300,3,0.790123456790123,0.714082503556188,0.854298801973221,0.814072816449727,0.759222463533725,0.57969099058812,0.878983356339538,0.14451842354275,0.447223191381828,0.784190652764704,3,FALSE
"cleveland_ncv_5x3_inner3_v1","cleveland_ncv_5x3_inner3_v1","Cleveland","random_forest",1,4,"rf_300_arvores_mtry_4",300,4,0.786008230452675,0.705310573731626,0.854298801973221,0.81170202460525,0.753608428446005,0.571212382997925,0.87960512532116,0.143562362447796,0.442373044095795,0.779804687852424,4,FALSE
"cleveland_ncv_5x3_inner3_v1","cleveland_ncv_5x3_inner3_v1","Cleveland","random_forest",1,5,"rf_500_arvores_mtry_3",500,3,0.855452674897119,0.810810810810811,0.893763213530655,0.876673135293825,0.837499771676987,0.716148052767643,0.912876407062454,0.122960548353199,0.39535347424992,0.852287012170733,1,TRUE
"cleveland_ncv_5x3_inner3_v1","cleveland_ncv_5x3_inner3_v1","Cleveland","random_forest",1,5,"rf_500_arvores_mtry_4",500,4,0.843106995884774,0.783783783783784,0.893763213530655,0.872324262730948,0.821038438685498,0.691121034605419,0.910381311544102,0.123103360428715,0.394699896573184,0.83877349865722,2,FALSE
"cleveland_ncv_5x3_inner3_v1","cleveland_ncv_5x3_inner3_v1","Cleveland","random_forest",1,5,"rf_300_arvores_mtry_3",300,3,0.838940329218107,0.774774774774775,0.893763213530655,0.871428571428571,0.815852746287529,0.682646256801202,0.913262099308611,0.122743954181979,0.393522696646112,0.834268994152715,3,FALSE
"cleveland_ncv_5x3_inner3_v1","cleveland_ncv_5x3_inner3_v1","Cleveland","random_forest",1,5,"rf_300_arvores_mtry_4",300,4,0.830761316872428,0.783783783783784,0.871035940803383,0.850699109319799,0.811098325022376,0.666266391913408,0.903381711521246,0.124366255260347,0.398594422698947,0.827409862293583,4,FALSE
"cleveland_ncv_5x3_inner3_v1","cleveland_ncv_5x3_inner3_v1","Cleveland","random_forest",2,1,"rf_500_arvores_mtry_4",500,4,0.823045267489712,0.760075865339023,0.878435517970402,0.85042735042735,0.795902427301129,0.651844370476393,0.906972483777869,0.125406227851566,0.397679234119801,0.819255691654712,1,TRUE
"cleveland_ncv_5x3_inner3_v1","cleveland_ncv_5x3_inner3_v1","Cleveland","random_forest",2,1,"rf_300_arvores_mtry_3",300,3,0.823045267489712,0.777619724988146,0.862931642001409,0.831623931623932,0.800804388085443,0.647024704575499,0.908201736843108,0.125088782567008,0.396559039395298,0.820275683494778,2,FALSE
"cleveland_ncv_5x3_inner3_v1","cleveland_ncv_5x3_inner3_v1","Cleveland","random_forest",2,1,"rf_500_arvores_mtry_3",500,3,0.823045267489712,0.759838786154576,0.878083157152925,0.842826077308836,0.79655401670327,0.646833421552189,0.911886488691874,0.123177620934125,0.392873600455324,0.81896097165375,3,FALSE
"cleveland_ncv_5x3_inner3_v1","cleveland_ncv_5x3_inner3_v1","Cleveland","random_forest",2,1,"rf_300_arvores_mtry_4",300,4,0.818930041152263,0.759838786154576,0.870507399577167,0.83547662259096,0.792830292979547,0.638841892152656,0.90636575153099,0.125971029494724,0.399231904577578,0.815173092865871,4,FALSE
"cleveland_ncv_5x3_inner3_v1","cleveland_ncv_5x3_inner3_v1","Cleveland","random_forest",2,2,"rf_500_arvores_mtry_3",500,3,0.838888888888889,0.774774774774775,0.893058491895701,0.860107644590403,0.81340805313408,0.677208625434316,0.907295773574843,0.119184448719227,0.385615225582208,0.833916633335238,1,TRUE
"cleveland_ncv_5x3_inner3_v1","cleveland_ncv_5x3_inner3_v1","Cleveland","random_forest",2,2,"rf_300_arvores_mtry_3",300,3,0.838837448559671,0.792792792792793,0.877554615926709,0.847855750487329,0.817367046048297,0.677019748211452,0.903400758051921,0.121717262721719,0.389955638653778,0.835173704359751,2,FALSE
"cleveland_ncv_5x3_inner3_v1","cleveland_ncv_5x3_inner3_v1","Cleveland","random_forest",2,2,"rf_300_arvores_mtry_4",300,4,0.838786008230453,0.783783783783784,0.885306553911205,0.853550093872675,0.81632942370251,0.676065779517484,0.901505628249814,0.121964813861526,0.391538740897174,0.834545168847494,3,FALSE
"cleveland_ncv_5x3_inner3_v1","cleveland_ncv_5x3_inner3_v1","Cleveland","random_forest",2,2,"rf_500_arvores_mtry_4",500,4,0.834619341563786,0.783783783783784,0.87737843551797,0.849045506486523,0.812397952123979,0.669685394849544,0.900077138449231,0.122129725022251,0.393835667646316,0.830581109650877,4,FALSE
"cleveland_ncv_5x3_inner3_v1","cleveland_ncv_5x3_inner3_v1","Cleveland","random_forest",2,3,"rf_300_arvores_mtry_4",300,4,0.814094650205761,0.774774774774775,0.846723044397463,0.81663384596149,0.790771526001705,0.630270018152854,0.884068529417367,0.139313836860819,0.42917903456339,0.810748909586119,1,TRUE
"cleveland_ncv_5x3_inner3_v1","cleveland_ncv_5x3_inner3_v1","Cleveland","random_forest",2,3,"rf_500_arvores_mtry_3",500,3,0.805761316872428,0.774774774774775,0.831395348837209,0.802039288231149,0.784679089026915,0.612790654044188,0.887158829019294,0.137934571301702,0.425558713884982,0.803085061805992,2,FALSE
"cleveland_ncv_5x3_inner3_v1","cleveland_ncv_5x3_inner3_v1","Cleveland","random_forest",2,3,"rf_500_arvores_mtry_4",500,4,0.801697530864197,0.756756756756757,0.839147286821705,0.806030458160276,0.776088573378643,0.604957895674419,0.881192503285527,0.141066486584549,0.434479896294911,0.797952021789231,3,FALSE
"cleveland_ncv_5x3_inner3_v1","cleveland_ncv_5x3_inner3_v1","Cleveland","random_forest",2,3,"rf_300_arvores_mtry_3",300,3,0.801646090534979,0.765765765765766,0.831395348837209,0.800359180704267,0.778711484593838,0.604769280849181,0.880740148182009,0.141441656936852,0.434948319899486,0.798580557301488,4,FALSE
"cleveland_ncv_5x3_inner3_v1","cleveland_ncv_5x3_inner3_v1","Cleveland","random_forest",2,4,"rf_500_arvores_mtry_4",500,4,0.810699588477366,0.747747747747748,0.863636363636364,0.827422003284072,0.779913245433744,0.624321955574555,0.886158886158886,0.138454422017915,0.426969558425649,0.805692055692056,1,TRUE
"cleveland_ncv_5x3_inner3_v1","cleveland_ncv_5x3_inner3_v1","Cleveland","random_forest",2,4,"rf_300_arvores_mtry_4",300,4,0.810699588477366,0.756756756756757,0.856060606060606,0.819969278033794,0.782431846723197,0.623125159521165,0.883701883701884,0.139174331360136,0.42809001474984,0.806408681408681,2,FALSE
"cleveland_ncv_5x3_inner3_v1","cleveland_ncv_5x3_inner3_v1","Cleveland","random_forest",2,4,"rf_300_arvores_mtry_3",300,3,0.810699588477366,0.738738738738739,0.871212121212121,0.829994340690436,0.779506389620525,0.62054333122429,0.891277641277641,0.137187975862357,0.425263319736911,0.80497542997543,3,FALSE
"cleveland_ncv_5x3_inner3_v1","cleveland_ncv_5x3_inner3_v1","Cleveland","random_forest",2,4,"rf_500_arvores_mtry_3",500,3,0.802469135802469,0.72972972972973,0.863636363636364,0.821072796934866,0.768538261075575,0.605646968047283,0.89004914004914,0.136749810194493,0.423263652402164,0.796683046683047,4,FALSE
"cleveland_ncv_5x3_inner3_v1","cleveland_ncv_5x3_inner3_v1","Cleveland","random_forest",2,5,"rf_300_arvores_mtry_3",300,3,0.830504115226337,0.792792792792793,0.862579281183932,0.830842360254125,0.810279219174697,0.659378159000099,0.895553587414053,0.13182840018158,0.418649211679426,0.827686036988363,1,TRUE
"cleveland_ncv_5x3_inner3_v1","cleveland_ncv_5x3_inner3_v1","Cleveland","random_forest",2,5,"rf_500_arvores_mtry_4",500,4,0.826440329218107,0.783783783783784,0.862755461592671,0.829059829059829,0.804511278195489,0.651283711372671,0.892677561282212,0.132724021180279,0.417748424370837,0.823269622688227,2,FALSE
"cleveland_ncv_5x3_inner3_v1","cleveland_ncv_5x3_inner3_v1","Cleveland","random_forest",2,5,"rf_300_arvores_mtry_4",300,4,0.822325102880658,0.774774774774775,0.862755461592671,0.82716588966589,0.798576150521231,0.643124403285262,0.893053730263033,0.133560658904668,0.418210871637346,0.818765118183723,3,FALSE
"cleveland_ncv_5x3_inner3_v1","cleveland_ncv_5x3_inner3_v1","Cleveland","random_forest",2,5,"rf_500_arvores_mtry_3",500,3,0.809927983539095,0.765765765765766,0.847427766032417,0.809065891109235,0.786085401296669,0.617045537699214,0.899915242938499,0.130888826200311,0.414024521782175,0.806596765899091,4,FALSE
"cleveland_ncv_5x3_inner3_v1","cleveland_ncv_5x3_inner3_v1","Cleveland","random_forest",3,1,"rf_500_arvores_mtry_3",500,3,0.80190329218107,0.774774774774775,0.824700493305144,0.788942052099947,0.780952380952381,0.601271391148787,0.882620993086109,0.141724521505608,0.437925059523685,0.79973763403996,1,TRUE
"cleveland_ncv_5x3_inner3_v1","cleveland_ncv_5x3_inner3_v1","Cleveland","random_forest",3,1,"rf_300_arvores_mtry_3",300,3,0.793569958847737,0.765765765765766,0.81677237491191,0.779335585585586,0.770854423028336,0.585164468976799,0.882182922880597,0.140800908995431,0.434550401953478,0.791269070338838,2,FALSE
"cleveland_ncv_5x3_inner3_v1","cleveland_ncv_5x3_inner3_v1","Cleveland","random_forest",3,1,"rf_500_arvores_mtry_4",500,4,0.793569958847737,0.774774774774775,0.809196617336152,0.773820879703233,0.77343998470759,0.584956325546279,0.882011504104527,0.142056126630448,0.436831481828468,0.791985696055464,3,FALSE
"cleveland_ncv_5x3_inner3_v1","cleveland_ncv_5x3_inner3_v1","Cleveland","random_forest",3,1,"rf_300_arvores_mtry_4",300,4,0.772890946502058,0.765765765765766,0.778541226215645,0.74468032827166,0.753672867019275,0.545119511730608,0.876426108984249,0.145214484656759,0.445535322052734,0.772153495990705,4,FALSE
"cleveland_ncv_5x3_inner3_v1","cleveland_ncv_5x3_inner3_v1","Cleveland","random_forest",3,2,"rf_300_arvores_mtry_3",300,3,0.806584362139918,0.758890469416785,0.848132487667371,0.828813908457957,0.784751009565432,0.621444752638193,0.908140838067399,0.128182590411335,0.406362363693794,0.803511478542078,1,TRUE
"cleveland_ncv_5x3_inner3_v1","cleveland_ncv_5x3_inner3_v1","Cleveland","random_forest",3,2,"rf_500_arvores_mtry_4",500,4,0.802469135802469,0.732100521574206,0.863284002818887,0.839965546942291,0.774509803921569,0.613730292574105,0.902827106621476,0.129879755592257,0.408653231084458,0.797692262196546,2,FALSE
"cleveland_ncv_5x3_inner3_v1","cleveland_ncv_5x3_inner3_v1","Cleveland","random_forest",3,2,"rf_500_arvores_mtry_3",500,3,0.798353909465021,0.749881460407776,0.840380549682875,0.817427248677249,0.774376842669526,0.60431463741736,0.906099350713794,0.129709327729652,0.411509021020981,0.795131005045326,3,FALSE
"cleveland_ncv_5x3_inner3_v1","cleveland_ncv_5x3_inner3_v1","Cleveland","random_forest",3,2,"rf_300_arvores_mtry_4",300,4,0.79835390946502,0.740872451398767,0.847780126849894,0.816738816738817,0.77161887259944,0.600413633524149,0.901797340903828,0.130236170854611,0.411177816484124,0.794326289124331,4,FALSE
"cleveland_ncv_5x3_inner3_v1","cleveland_ncv_5x3_inner3_v1","Cleveland","random_forest",3,3,"rf_500_arvores_mtry_3",500,3,0.834619341563786,0.765765765765766,0.893058491895701,0.858630952380952,0.809178743961353,0.667955145480897,0.89617736129364,0.130249138423667,0.412804184862597,0.829412128830733,1,TRUE
"cleveland_ncv_5x3_inner3_v1","cleveland_ncv_5x3_inner3_v1","Cleveland","random_forest",3,3,"rf_500_arvores_mtry_4",500,4,0.834567901234568,0.774774774774775,0.885306553911205,0.851158645276292,0.811133467471496,0.666931132496902,0.899510504161667,0.127748308872883,0.404473712169933,0.83004066434299,2,FALSE
"cleveland_ncv_5x3_inner3_v1","cleveland_ncv_5x3_inner3_v1","Cleveland","random_forest",3,3,"rf_300_arvores_mtry_4",300,4,0.826388888888889,0.756756756756757,0.885482734319944,0.848392008318479,0.799836701367626,0.650912390390359,0.902638896824943,0.128123195092308,0.406275913741487,0.82111974553835,3,FALSE
"cleveland_ncv_5x3_inner3_v1","cleveland_ncv_5x3_inner3_v1","Cleveland","random_forest",3,3,"rf_300_arvores_mtry_3",300,3,0.826440329218107,0.774774774774775,0.87015503875969,0.835209235209235,0.803703703703704,0.650177883911092,0.902643658457612,0.128564984043954,0.40899487575879,0.822464906767232,4,FALSE
"cleveland_ncv_5x3_inner3_v1","cleveland_ncv_5x3_inner3_v1","Cleveland","random_forest",3,4,"rf_300_arvores_mtry_3",300,3,0.826388888888889,0.783783783783784,0.862755461592671,0.829264077425842,0.804482117725422,0.651380951602851,0.897743938441613,0.128239228837793,0.407815319818948,0.823269622688227,1,TRUE
"cleveland_ncv_5x3_inner3_v1","cleveland_ncv_5x3_inner3_v1","Cleveland","random_forest",3,4,"rf_500_arvores_mtry_4",500,4,0.826388888888889,0.774774774774775,0.870331219168428,0.835039083200848,0.803059642618736,0.650666925286686,0.901272308249052,0.12792207425755,0.409421443588195,0.822552996971602,2,FALSE
"cleveland_ncv_5x3_inner3_v1","cleveland_ncv_5x3_inner3_v1","Cleveland","random_forest",3,4,"rf_500_arvores_mtry_3",500,3,0.818106995884774,0.765765765765766,0.862579281183932,0.824733824733825,0.793564993564994,0.633593983027523,0.900224749061958,0.127259280460019,0.407192711618745,0.814172523474849,3,FALSE
"cleveland_ncv_5x3_inner3_v1","cleveland_ncv_5x3_inner3_v1","Cleveland","random_forest",3,4,"rf_300_arvores_mtry_4",300,4,0.818106995884774,0.765765765765766,0.862579281183932,0.824733824733825,0.793564993564994,0.633593983027523,0.899215282936213,0.129008059318537,0.407668707224282,0.814172523474849,4,FALSE
"cleveland_ncv_5x3_inner3_v1","cleveland_ncv_5x3_inner3_v1","Cleveland","random_forest",3,5,"rf_300_arvores_mtry_4",300,4,0.818930041152263,0.765765765765766,0.863636363636364,0.828073504444223,0.794369879407162,0.6361692645066,0.884316134316134,0.135608308326038,0.429031858206012,0.814701064701065,1,TRUE
"cleveland_ncv_5x3_inner3_v1","cleveland_ncv_5x3_inner3_v1","Cleveland","random_forest",3,5,"rf_500_arvores_mtry_3",500,3,0.818930041152263,0.765765765765766,0.863636363636364,0.827060239963466,0.794191250073603,0.63566997098692,0.890868140868141,0.135188721600654,0.429015633862365,0.814701064701065,2,FALSE
"cleveland_ncv_5x3_inner3_v1","cleveland_ncv_5x3_inner3_v1","Cleveland","random_forest",3,5,"rf_300_arvores_mtry_3",300,3,0.818930041152263,0.756756756756757,0.871212121212121,0.831950844854071,0.791938997821351,0.635254834993828,0.892710892710893,0.133529659511138,0.420635713719234,0.813984438984439,3,FALSE
"cleveland_ncv_5x3_inner3_v1","cleveland_ncv_5x3_inner3_v1","Cleveland","random_forest",3,5,"rf_500_arvores_mtry_4",500,4,0.814814814814815,0.765765765765766,0.856060606060606,0.820422022798933,0.79082788671024,0.627769873762208,0.888411138411138,0.134599219598166,0.428110273768568,0.810913185913186,4,FALSE
