"Protocolo","Execucao","Base","Algoritmo","Repeticao","Fold_Externo","Fold_Interno","Semente","Configuracao","custo","Acuracia","Sensibilidade","Especificidade","Precisao","F1","MCC","ROC_AUC","Brier","Log_Loss","Acuracia_Balanceada","VP","VN","FP","FN","Precisao_Denominador_Zero","MCC_Denominador_Zero"
"cleveland_ncv_5x3_inner3_v1","cleveland_ncv_5x3_inner3_v1","Cleveland","svm",1,1,1,14110101,"svm_custo_0.1",0.1,0.7625,0.702702702702703,0.813953488372093,0.764705882352941,0.732394366197183,0.521096736570206,0.849151477058454,0.157292559502192,0.469766951296957,0.758328095537398,26,35,8,11,0,0
"cleveland_ncv_5x3_inner3_v1","cleveland_ncv_5x3_inner3_v1","Cleveland","svm",1,1,2,14110102,"svm_custo_0.1",0.1,0.839506172839506,0.864864864864865,0.818181818181818,0.8,0.831168831168831,0.680543143713934,0.908476658476658,0.124423984088074,0.395843996181904,0.841523341523342,32,36,8,5,0,0
"cleveland_ncv_5x3_inner3_v1","cleveland_ncv_5x3_inner3_v1","Cleveland","svm",1,1,3,14110103,"svm_custo_0.1",0.1,0.851851851851852,0.756756756756757,0.931818181818182,0.903225806451613,0.823529411764706,0.705687725026608,0.917690417690418,0.113015406146714,0.364209053991571,0.844287469287469,28,41,3,9,0,0
"cleveland_ncv_5x3_inner3_v1","cleveland_ncv_5x3_inner3_v1","Cleveland","svm",1,1,1,14110201,"svm_custo_1",1,0.8125,0.72972972972973,0.883720930232558,0.84375,0.782608695652174,0.624337067230277,0.869893148962916,0.141297126312185,0.435924411745852,0.806725329981144,27,38,5,10,0,0
"cleveland_ncv_5x3_inner3_v1","cleveland_ncv_5x3_inner3_v1","Cleveland","svm",1,1,2,14110202,"svm_custo_1",1,0.839506172839506,0.756756756756757,0.909090909090909,0.875,0.811594202898551,0.678467506036014,0.906019656019656,0.122896589978433,0.396869412890803,0.832923832923833,28,40,4,9,0,0
"cleveland_ncv_5x3_inner3_v1","cleveland_ncv_5x3_inner3_v1","Cleveland","svm",1,1,3,14110203,"svm_custo_1",1,0.864197530864197,0.756756756756757,0.954545454545455,0.933333333333333,0.835820895522388,0.733728931036863,0.926289926289926,0.10598664420812,0.350326594301423,0.855651105651106,28,42,2,9,0,0
"cleveland_ncv_5x3_inner3_v1","cleveland_ncv_5x3_inner3_v1","Cleveland","svm",1,1,1,14110301,"svm_custo_10",10,0.825,0.72972972972973,0.906976744186046,0.870967741935484,0.794117647058823,0.651621595056995,0.873664362036455,0.140518151511709,0.434504459946383,0.818353236957888,27,39,4,10,0,0
"cleveland_ncv_5x3_inner3_v1","cleveland_ncv_5x3_inner3_v1","Cleveland","svm",1,1,2,14110302,"svm_custo_10",10,0.790123456790123,0.72972972972973,0.840909090909091,0.794117647058823,0.76056338028169,0.575970348660924,0.891891891891892,0.135057546856397,0.419100609755891,0.78531941031941,27,37,7,10,0,0
"cleveland_ncv_5x3_inner3_v1","cleveland_ncv_5x3_inner3_v1","Cleveland","svm",1,1,3,14110303,"svm_custo_10",10,0.876543209876543,0.783783783783784,0.954545454545455,0.935483870967742,0.852941176470588,0.756678541910779,0.914004914004914,0.11306599422053,0.374710589135992,0.869164619164619,29,42,2,8,0,0
"cleveland_ncv_5x3_inner3_v1","cleveland_ncv_5x3_inner3_v1","Cleveland","svm",1,2,1,14120101,"svm_custo_0.1",0.1,0.8,0.837837837837838,0.767441860465116,0.75609756097561,0.794871794871795,0.603763654098064,0.92394720301697,0.111812576096332,0.350260775989164,0.802639849151477,31,33,10,6,0,0
"cleveland_ncv_5x3_inner3_v1","cleveland_ncv_5x3_inner3_v1","Cleveland","svm",1,2,2,14120102,"svm_custo_0.1",0.1,0.777777777777778,0.756756756756757,0.795454545454545,0.756756756756757,0.756756756756757,0.552211302211302,0.860565110565111,0.155095023521412,0.48535991056537,0.776105651105651,28,35,9,9,0,0
"cleveland_ncv_5x3_inner3_v1","cleveland_ncv_5x3_inner3_v1","Cleveland","svm",1,2,3,14120103,"svm_custo_0.1",0.1,0.839506172839506,0.756756756756757,0.909090909090909,0.875,0.811594202898551,0.678467506036014,0.90970515970516,0.117022616973012,0.381227132864958,0.832923832923833,28,40,4,9,0,0
"cleveland_ncv_5x3_inner3_v1","cleveland_ncv_5x3_inner3_v1","Cleveland","svm",1,2,1,14120201,"svm_custo_1",1,0.8375,0.864864864864865,0.813953488372093,0.8,0.831168831168831,0.676906484261265,0.935260842237586,0.108005785222007,0.35100557049848,0.839409176618479,32,35,8,5,0,0
"cleveland_ncv_5x3_inner3_v1","cleveland_ncv_5x3_inner3_v1","Cleveland","svm",1,2,2,14120202,"svm_custo_1",1,0.765432098765432,0.72972972972973,0.795454545454545,0.75,0.73972602739726,0.526479429494249,0.868550368550369,0.150628563196654,0.460993198514377,0.762592137592138,27,35,9,10,0,0
"cleveland_ncv_5x3_inner3_v1","cleveland_ncv_5x3_inner3_v1","Cleveland","svm",1,2,3,14120203,"svm_custo_1",1,0.839506172839506,0.72972972972973,0.931818181818182,0.9,0.805970149253731,0.682405922907341,0.909090909090909,0.114372099499259,0.379255797035655,0.830773955773956,27,41,3,10,0,0
"cleveland_ncv_5x3_inner3_v1","cleveland_ncv_5x3_inner3_v1","Cleveland","svm",1,2,1,14120301,"svm_custo_10",10,0.825,0.810810810810811,0.837209302325581,0.810810810810811,0.810810810810811,0.648020113136392,0.931489629164048,0.116701973082747,0.383306866750845,0.824010056568196,30,36,7,7,0,0
"cleveland_ncv_5x3_inner3_v1","cleveland_ncv_5x3_inner3_v1","Cleveland","svm",1,2,2,14120302,"svm_custo_10",10,0.753086419753086,0.702702702702703,0.795454545454545,0.742857142857143,0.722222222222222,0.500934237917233,0.845823095823096,0.160938208424411,0.48829426042783,0.749078624078624,26,35,9,11,0,0
"cleveland_ncv_5x3_inner3_v1","cleveland_ncv_5x3_inner3_v1","Cleveland","svm",1,2,3,14120303,"svm_custo_10",10,0.851851851851852,0.72972972972973,0.954545454545455,0.931034482758621,0.818181818181818,0.710979894698032,0.897420147420147,0.124254927069825,0.408389788596726,0.842137592137592,27,42,2,10,0,0
"cleveland_ncv_5x3_inner3_v1","cleveland_ncv_5x3_inner3_v1","Cleveland","svm",1,3,1,14130101,"svm_custo_0.1",0.1,0.814814814814815,0.72972972972973,0.886363636363636,0.84375,0.782608695652174,0.627770210843286,0.900491400491401,0.129058000611547,0.397781150869001,0.808046683046683,27,39,5,10,0,0
"cleveland_ncv_5x3_inner3_v1","cleveland_ncv_5x3_inner3_v1","Cleveland","svm",1,3,2,14130102,"svm_custo_0.1",0.1,0.864197530864197,0.72972972972973,0.977272727272727,0.964285714285714,0.830769230769231,0.740510418057643,0.917076167076167,0.116753035646547,0.381157681713646,0.853501228501228,27,43,1,10,0,0
"cleveland_ncv_5x3_inner3_v1","cleveland_ncv_5x3_inner3_v1","Cleveland","svm",1,3,3,14130103,"svm_custo_0.1",0.1,0.888888888888889,0.945945945945946,0.840909090909091,0.833333333333333,0.886075949367089,0.784449482351152,0.953316953316953,0.091970831149109,0.309782474114603,0.893427518427518,35,37,7,2,0,0
"cleveland_ncv_5x3_inner3_v1","cleveland_ncv_5x3_inner3_v1","Cleveland","svm",1,3,1,14130201,"svm_custo_1",1,0.777777777777778,0.702702702702703,0.840909090909091,0.787878787878788,0.742857142857143,0.551110241535005,0.881449631449631,0.142232209017256,0.429037924830786,0.771805896805897,26,37,7,11,0,0
"cleveland_ncv_5x3_inner3_v1","cleveland_ncv_5x3_inner3_v1","Cleveland","svm",1,3,2,14130202,"svm_custo_1",1,0.839506172839506,0.72972972972973,0.931818181818182,0.9,0.805970149253731,0.682405922907341,0.925061425061425,0.11411109131202,0.372490667456411,0.830773955773956,27,41,3,10,0,0
"cleveland_ncv_5x3_inner3_v1","cleveland_ncv_5x3_inner3_v1","Cleveland","svm",1,3,3,14130203,"svm_custo_1",1,0.888888888888889,0.918918918918919,0.863636363636364,0.85,0.883116883116883,0.779687018967222,0.961302211302211,0.0871313158521071,0.286384127107758,0.891277641277641,34,38,6,3,0,0
"cleveland_ncv_5x3_inner3_v1","cleveland_ncv_5x3_inner3_v1","Cleveland","svm",1,3,1,14130301,"svm_custo_10",10,0.790123456790123,0.648648648648649,0.909090909090909,0.857142857142857,0.738461538461539,0.584173292438176,0.884520884520885,0.138413238647311,0.437796563091699,0.778869778869779,24,40,4,13,0,0
"cleveland_ncv_5x3_inner3_v1","cleveland_ncv_5x3_inner3_v1","Cleveland","svm",1,3,2,14130302,"svm_custo_10",10,0.876543209876543,0.810810810810811,0.931818181818182,0.909090909090909,0.857142857142857,0.752872635046125,0.968673218673219,0.0831874649888823,0.285056834372437,0.871314496314496,30,41,3,7,0,0
"cleveland_ncv_5x3_inner3_v1","cleveland_ncv_5x3_inner3_v1","Cleveland","svm",1,3,3,14130303,"svm_custo_10",10,0.91358024691358,0.945945945945946,0.886363636363636,0.875,0.909090909090909,0.829258956593867,0.964373464373464,0.0843983308303311,0.289005657051158,0.916154791154791,35,39,5,2,0,0
"cleveland_ncv_5x3_inner3_v1","cleveland_ncv_5x3_inner3_v1","Cleveland","svm",1,4,1,14140101,"svm_custo_0.1",0.1,0.777777777777778,0.783783783783784,0.772727272727273,0.743589743589744,0.763157894736842,0.554809704145311,0.891277641277641,0.134023587845198,0.420997482917074,0.778255528255528,29,34,10,8,0,0
"cleveland_ncv_5x3_inner3_v1","cleveland_ncv_5x3_inner3_v1","Cleveland","svm",1,4,2,14140102,"svm_custo_0.1",0.1,0.753086419753086,0.710526315789474,0.790697674418605,0.75,0.72972972972973,0.503385113831763,0.862913096695226,0.154640765219126,0.467727978311601,0.750611995104039,27,34,9,11,0,0
"cleveland_ncv_5x3_inner3_v1","cleveland_ncv_5x3_inner3_v1","Cleveland","svm",1,4,3,14140103,"svm_custo_0.1",0.1,0.864197530864197,0.891891891891892,0.840909090909091,0.825,0.857142857142857,0.730115081340578,0.915847665847666,0.119451557729611,0.393300660202847,0.866400491400491,33,37,7,4,0,0
"cleveland_ncv_5x3_inner3_v1","cleveland_ncv_5x3_inner3_v1","Cleveland","svm",1,4,1,14140201,"svm_custo_1",1,0.827160493827161,0.756756756756757,0.886363636363636,0.848484848484849,0.8,0.651991438290565,0.888206388206388,0.139196222935708,0.435525209902075,0.821560196560197,28,39,5,9,0,0
"cleveland_ncv_5x3_inner3_v1","cleveland_ncv_5x3_inner3_v1","Cleveland","svm",1,4,2,14140202,"svm_custo_1",1,0.753086419753086,0.684210526315789,0.813953488372093,0.764705882352941,0.722222222222222,0.503744121700338,0.830477356181151,0.171495616460904,0.507352983158546,0.749082007343941,26,35,8,12,0,0
"cleveland_ncv_5x3_inner3_v1","cleveland_ncv_5x3_inner3_v1","Cleveland","svm",1,4,3,14140203,"svm_custo_1",1,0.864197530864197,0.864864864864865,0.863636363636364,0.842105263157895,0.853333333333333,0.72716248085508,0.92997542997543,0.109289832136726,0.357133555916135,0.864250614250614,32,38,6,5,0,0
"cleveland_ncv_5x3_inner3_v1","cleveland_ncv_5x3_inner3_v1","Cleveland","svm",1,4,1,14140301,"svm_custo_10",10,0.777777777777778,0.675675675675676,0.863636363636364,0.806451612903226,0.735294117647059,0.552715274374096,0.868550368550369,0.153177181445496,0.471860189632699,0.76965601965602,25,38,6,12,0,0
"cleveland_ncv_5x3_inner3_v1","cleveland_ncv_5x3_inner3_v1","Cleveland","svm",1,4,2,14140302,"svm_custo_10",10,0.740740740740741,0.657894736842105,0.813953488372093,0.757575757575758,0.704225352112676,0.479237466205684,0.802937576499388,0.183046157428573,0.542284925317774,0.735924112607099,25,35,8,13,0,0
"cleveland_ncv_5x3_inner3_v1","cleveland_ncv_5x3_inner3_v1","Cleveland","svm",1,4,3,14140303,"svm_custo_10",10,0.851851851851852,0.783783783783784,0.909090909090909,0.878787878787879,0.828571428571429,0.702432036668345,0.938574938574939,0.111387285949699,0.375017808502729,0.846437346437346,29,40,4,8,0,0
"cleveland_ncv_5x3_inner3_v1","cleveland_ncv_5x3_inner3_v1","Cleveland","svm",1,5,1,14150101,"svm_custo_0.1",0.1,0.864197530864197,0.837837837837838,0.886363636363636,0.861111111111111,0.849315068493151,0.725987423828911,0.916461916461916,0.116527469139061,0.366029925549403,0.862100737100737,31,39,5,6,0,0
"cleveland_ncv_5x3_inner3_v1","cleveland_ncv_5x3_inner3_v1","Cleveland","svm",1,5,2,14150102,"svm_custo_0.1",0.1,0.875,0.756756756756757,0.976744186046512,0.96551724137931,0.848484848484849,0.760767023468354,0.949717159019485,0.105245430375295,0.337641018605176,0.866750471401634,28,42,1,9,0,0
"cleveland_ncv_5x3_inner3_v1","cleveland_ncv_5x3_inner3_v1","Cleveland","svm",1,5,3,14150103,"svm_custo_0.1",0.1,0.802469135802469,0.837837837837838,0.772727272727273,0.75609756097561,0.794871794871795,0.608327234578822,0.891891891891892,0.140928097140657,0.442567297787876,0.805282555282555,31,34,10,6,0,0
"cleveland_ncv_5x3_inner3_v1","cleveland_ncv_5x3_inner3_v1","Cleveland","svm",1,5,1,14150201,"svm_custo_1",1,0.864197530864197,0.837837837837838,0.886363636363636,0.861111111111111,0.849315068493151,0.725987423828911,0.925061425061425,0.109212344324497,0.350583923399015,0.862100737100737,31,39,5,6,0,0
"cleveland_ncv_5x3_inner3_v1","cleveland_ncv_5x3_inner3_v1","Cleveland","svm",1,5,2,14150202,"svm_custo_1",1,0.875,0.72972972972973,1,1,0.84375,0.769444523707683,0.936517913262099,0.112116699499961,0.360978747004718,0.864864864864865,27,43,0,10,0,0
"cleveland_ncv_5x3_inner3_v1","cleveland_ncv_5x3_inner3_v1","Cleveland","svm",1,5,3,14150203,"svm_custo_1",1,0.802469135802469,0.918918918918919,0.704545454545455,0.723404255319149,0.80952380952381,0.629289455210805,0.895577395577396,0.151100714981869,0.498917886691634,0.811732186732187,34,31,13,3,0,0
"cleveland_ncv_5x3_inner3_v1","cleveland_ncv_5x3_inner3_v1","Cleveland","svm",1,5,1,14150301,"svm_custo_10",10,0.827160493827161,0.783783783783784,0.863636363636364,0.828571428571429,0.805555555555556,0.651029206861608,0.935503685503685,0.106511383056622,0.340061203884281,0.823710073710074,29,38,6,8,0,0
"cleveland_ncv_5x3_inner3_v1","cleveland_ncv_5x3_inner3_v1","Cleveland","svm",1,5,2,14150302,"svm_custo_10",10,0.85,0.756756756756757,0.930232558139535,0.903225806451613,0.823529411764706,0.703082333067419,0.947203016970459,0.101764867848268,0.328121090448843,0.843494657448146,28,40,3,9,0,0
"cleveland_ncv_5x3_inner3_v1","cleveland_ncv_5x3_inner3_v1","Cleveland","svm",1,5,3,14150303,"svm_custo_10",10,0.790123456790123,0.891891891891892,0.704545454545455,0.717391304347826,0.795180722891566,0.59976220100818,0.885135135135135,0.15170103070171,0.474649311094309,0.798218673218673,33,31,13,4,0,0
"cleveland_ncv_5x3_inner3_v1","cleveland_ncv_5x3_inner3_v1","Cleveland","svm",2,1,1,14210101,"svm_custo_0.1",0.1,0.876543209876543,0.864864864864865,0.886363636363636,0.864864864864865,0.864864864864865,0.751228501228501,0.945945945945946,0.0920477061318574,0.307760309675869,0.875614250614251,32,39,5,5,0,0
"cleveland_ncv_5x3_inner3_v1","cleveland_ncv_5x3_inner3_v1","Cleveland","svm",2,1,2,14210102,"svm_custo_0.1",0.1,0.839506172839506,0.864864864864865,0.818181818181818,0.8,0.831168831168831,0.680543143713934,0.894963144963145,0.133154155312557,0.420719527665786,0.841523341523342,32,36,8,5,0,0
"cleveland_ncv_5x3_inner3_v1","cleveland_ncv_5x3_inner3_v1","Cleveland","svm",2,1,3,14210103,"svm_custo_0.1",0.1,0.802469135802469,0.657894736842105,0.930232558139535,0.892857142857143,0.757575757575758,0.617135331869667,0.900856793145655,0.136352857693365,0.419616373480983,0.79406364749082,25,40,3,13,0,0
"cleveland_ncv_5x3_inner3_v1","cleveland_ncv_5x3_inner3_v1","Cleveland","svm",2,1,1,14210201,"svm_custo_1",1,0.888888888888889,0.864864864864865,0.909090909090909,0.888888888888889,0.876712328767123,0.775864422412577,0.958845208845209,0.0930119921887183,0.32044859853644,0.886977886977887,32,40,4,5,0,0
"cleveland_ncv_5x3_inner3_v1","cleveland_ncv_5x3_inner3_v1","Cleveland","svm",2,1,2,14210202,"svm_custo_1",1,0.827160493827161,0.837837837837838,0.818181818181818,0.794871794871795,0.815789473684211,0.654014088330234,0.90970515970516,0.125078782544726,0.402638582840091,0.828009828009828,31,36,8,6,0,0
"cleveland_ncv_5x3_inner3_v1","cleveland_ncv_5x3_inner3_v1","Cleveland","svm",2,1,3,14210203,"svm_custo_1",1,0.827160493827161,0.684210526315789,0.953488372093023,0.928571428571429,0.787878787878788,0.669151941527776,0.906976744186046,0.129833778531096,0.403177409624892,0.818849449204406,26,41,2,12,0,0
"cleveland_ncv_5x3_inner3_v1","cleveland_ncv_5x3_inner3_v1","Cleveland","svm",2,1,1,14210301,"svm_custo_10",10,0.876543209876543,0.837837837837838,0.909090909090909,0.885714285714286,0.861111111111111,0.751092519491191,0.950859950859951,0.101638348055937,0.34921557036536,0.873464373464373,31,40,4,6,0,0
"cleveland_ncv_5x3_inner3_v1","cleveland_ncv_5x3_inner3_v1","Cleveland","svm",2,1,2,14210302,"svm_custo_10",10,0.827160493827161,0.864864864864865,0.795454545454545,0.780487804878049,0.82051282051282,0.657899172205466,0.911547911547912,0.125147996518175,0.402694331725664,0.830159705159705,32,35,9,5,0,0
"cleveland_ncv_5x3_inner3_v1","cleveland_ncv_5x3_inner3_v1","Cleveland","svm",2,1,3,14210303,"svm_custo_10",10,0.790123456790123,0.605263157894737,0.953488372093023,0.92,0.73015873015873,0.603643785024878,0.855569155446756,0.159898668005751,0.490379576323921,0.77937576499388,23,41,2,15,0,0
"cleveland_ncv_5x3_inner3_v1","cleveland_ncv_5x3_inner3_v1","Cleveland","svm",2,2,1,14220101,"svm_custo_0.1",0.1,0.875,0.864864864864865,0.883720930232558,0.864864864864865,0.864864864864865,0.748585795097423,0.94343180389692,0.0923143583204207,0.321140572208989,0.874292897548712,32,38,5,5,0,0
"cleveland_ncv_5x3_inner3_v1","cleveland_ncv_5x3_inner3_v1","Cleveland","svm",2,2,2,14220102,"svm_custo_0.1",0.1,0.802469135802469,0.702702702702703,0.886363636363636,0.838709677419355,0.764705882352941,0.603706091258267,0.877764127764128,0.138970089502258,0.425928378243846,0.79453316953317,26,39,5,11,0,0
"cleveland_ncv_5x3_inner3_v1","cleveland_ncv_5x3_inner3_v1","Cleveland","svm",2,2,3,14220103,"svm_custo_0.1",0.1,0.839506172839506,0.810810810810811,0.863636363636364,0.833333333333333,0.821917808219178,0.676110425245246,0.91031941031941,0.110984816135001,0.359755516365903,0.837223587223587,30,38,6,7,0,0
"cleveland_ncv_5x3_inner3_v1","cleveland_ncv_5x3_inner3_v1","Cleveland","svm",2,2,1,14220201,"svm_custo_1",1,0.875,0.837837837837838,0.906976744186046,0.885714285714286,0.861111111111111,0.748588207608396,0.930861093651791,0.112152219462348,0.376355746336349,0.872407291011942,31,39,4,6,0,0
"cleveland_ncv_5x3_inner3_v1","cleveland_ncv_5x3_inner3_v1","Cleveland","svm",2,2,2,14220202,"svm_custo_1",1,0.765432098765432,0.648648648648649,0.863636363636364,0.8,0.716417910447761,0.528436898518777,0.86977886977887,0.136494070855807,0.4184920834489,0.756142506142506,24,38,6,13,0,0
"cleveland_ncv_5x3_inner3_v1","cleveland_ncv_5x3_inner3_v1","Cleveland","svm",2,2,3,14220203,"svm_custo_1",1,0.827160493827161,0.864864864864865,0.795454545454545,0.780487804878049,0.82051282051282,0.657899172205466,0.907248157248157,0.119745982653362,0.393118498510459,0.830159705159705,32,35,9,5,0,0
"cleveland_ncv_5x3_inner3_v1","cleveland_ncv_5x3_inner3_v1","Cleveland","svm",2,2,1,14220301,"svm_custo_10",10,0.8875,0.837837837837838,0.930232558139535,0.911764705882353,0.873239436619718,0.774671790862277,0.947831552482715,0.103827817685934,0.357384081124129,0.884035197988686,31,40,3,6,0,0
"cleveland_ncv_5x3_inner3_v1","cleveland_ncv_5x3_inner3_v1","Cleveland","svm",2,2,2,14220302,"svm_custo_10",10,0.827160493827161,0.675675675675676,0.954545454545455,0.925925925925926,0.78125,0.665949655371142,0.877764127764128,0.13367926953922,0.420163428768189,0.815110565110565,25,42,2,12,0,0
"cleveland_ncv_5x3_inner3_v1","cleveland_ncv_5x3_inner3_v1","Cleveland","svm",2,2,3,14220303,"svm_custo_10",10,0.851851851851852,0.864864864864865,0.840909090909091,0.82051282051282,0.842105263157895,0.703616280422696,0.918304668304668,0.113145582248078,0.37199785278522,0.852886977886978,32,37,7,5,0,0
"cleveland_ncv_5x3_inner3_v1","cleveland_ncv_5x3_inner3_v1","Cleveland","svm",2,3,1,14230101,"svm_custo_0.1",0.1,0.8125,0.837837837837838,0.790697674418605,0.775,0.805194805194805,0.626765263204875,0.905091137649277,0.128082289711256,0.401479107507685,0.814267756128221,31,34,9,6,0,0
"cleveland_ncv_5x3_inner3_v1","cleveland_ncv_5x3_inner3_v1","Cleveland","svm",2,3,2,14230102,"svm_custo_0.1",0.1,0.802469135802469,0.72972972972973,0.863636363636364,0.818181818181818,0.771428571428571,0.601550839912785,0.930589680589681,0.111413828159724,0.35293108423925,0.796683046683047,27,38,6,10,0,0
"cleveland_ncv_5x3_inner3_v1","cleveland_ncv_5x3_inner3_v1","Cleveland","svm",2,3,3,14230103,"svm_custo_0.1",0.1,0.802469135802469,0.675675675675676,0.909090909090909,0.862068965517241,0.757575757575758,0.607587845379288,0.861793611793612,0.143498244491114,0.453333746943863,0.792383292383292,25,40,4,12,0,0
"cleveland_ncv_5x3_inner3_v1","cleveland_ncv_5x3_inner3_v1","Cleveland","svm",2,3,1,14230201,"svm_custo_1",1,0.8,0.810810810810811,0.790697674418605,0.769230769230769,0.789473684210526,0.600001886782811,0.883720930232558,0.139627226828742,0.427693339497536,0.800754242614708,30,34,9,7,0,0
"cleveland_ncv_5x3_inner3_v1","cleveland_ncv_5x3_inner3_v1","Cleveland","svm",2,3,2,14230202,"svm_custo_1",1,0.814814814814815,0.72972972972973,0.886363636363636,0.84375,0.782608695652174,0.627770210843286,0.923218673218673,0.11752319821442,0.374900913037821,0.808046683046683,27,39,5,10,0,0
"cleveland_ncv_5x3_inner3_v1","cleveland_ncv_5x3_inner3_v1","Cleveland","svm",2,3,3,14230203,"svm_custo_1",1,0.802469135802469,0.702702702702703,0.886363636363636,0.838709677419355,0.764705882352941,0.603706091258267,0.842751842751843,0.148045898914167,0.482882017990794,0.79453316953317,26,39,5,11,0,0
"cleveland_ncv_5x3_inner3_v1","cleveland_ncv_5x3_inner3_v1","Cleveland","svm",2,3,1,14230301,"svm_custo_10",10,0.8,0.810810810810811,0.790697674418605,0.769230769230769,0.789473684210526,0.600001886782811,0.890006285355123,0.138901530718328,0.432198093548843,0.800754242614708,30,34,9,7,0,0
"cleveland_ncv_5x3_inner3_v1","cleveland_ncv_5x3_inner3_v1","Cleveland","svm",2,3,2,14230302,"svm_custo_10",10,0.802469135802469,0.72972972972973,0.863636363636364,0.818181818181818,0.771428571428571,0.601550839912785,0.925061425061425,0.124222050584044,0.402727936309949,0.796683046683047,27,38,6,10,0,0
"cleveland_ncv_5x3_inner3_v1","cleveland_ncv_5x3_inner3_v1","Cleveland","svm",2,3,3,14230303,"svm_custo_10",10,0.814814814814815,0.756756756756757,0.863636363636364,0.823529411764706,0.788732394366197,0.626189507155579,0.822481572481572,0.163147055658614,0.526659003609295,0.81019656019656,28,38,6,9,0,0
"cleveland_ncv_5x3_inner3_v1","cleveland_ncv_5x3_inner3_v1","Cleveland","svm",2,4,1,14240101,"svm_custo_0.1",0.1,0.802469135802469,0.837837837837838,0.772727272727273,0.75609756097561,0.794871794871795,0.608327234578822,0.893734643734644,0.131467342616917,0.417887688144208,0.805282555282555,31,34,10,6,0,0
"cleveland_ncv_5x3_inner3_v1","cleveland_ncv_5x3_inner3_v1","Cleveland","svm",2,4,2,14240102,"svm_custo_0.1",0.1,0.765432098765432,0.72972972972973,0.795454545454545,0.75,0.73972602739726,0.526479429494249,0.823710073710074,0.178747995405965,0.515815702771216,0.762592137592138,27,35,9,10,0,0
"cleveland_ncv_5x3_inner3_v1","cleveland_ncv_5x3_inner3_v1","Cleveland","svm",2,4,3,14240103,"svm_custo_0.1",0.1,0.864197530864197,0.756756756756757,0.954545454545455,0.933333333333333,0.835820895522388,0.733728931036863,0.92997542997543,0.110588185393364,0.36058325396209,0.855651105651106,28,42,2,9,0,0
"cleveland_ncv_5x3_inner3_v1","cleveland_ncv_5x3_inner3_v1","Cleveland","svm",2,4,1,14240201,"svm_custo_1",1,0.827160493827161,0.837837837837838,0.818181818181818,0.794871794871795,0.815789473684211,0.654014088330234,0.900491400491401,0.12935699307692,0.408973172498973,0.828009828009828,31,36,8,6,0,0
"cleveland_ncv_5x3_inner3_v1","cleveland_ncv_5x3_inner3_v1","Cleveland","svm",2,4,2,14240202,"svm_custo_1",1,0.740740740740741,0.72972972972973,0.75,0.710526315789474,0.72,0.478848142957688,0.850737100737101,0.159053170198149,0.472200098583678,0.739864864864865,27,33,11,10,0,0
"cleveland_ncv_5x3_inner3_v1","cleveland_ncv_5x3_inner3_v1","Cleveland","svm",2,4,3,14240203,"svm_custo_1",1,0.827160493827161,0.72972972972973,0.909090909090909,0.870967741935484,0.794117647058823,0.654696908142438,0.910933660933661,0.121919440459406,0.382668875290284,0.819410319410319,27,40,4,10,0,0
"cleveland_ncv_5x3_inner3_v1","cleveland_ncv_5x3_inner3_v1","Cleveland","svm",2,4,1,14240301,"svm_custo_10",10,0.827160493827161,0.837837837837838,0.818181818181818,0.794871794871795,0.815789473684211,0.654014088330234,0.896805896805897,0.128638762459367,0.417371593491621,0.828009828009828,31,36,8,6,0,0
"cleveland_ncv_5x3_inner3_v1","cleveland_ncv_5x3_inner3_v1","Cleveland","svm",2,4,2,14240302,"svm_custo_10",10,0.753086419753086,0.648648648648649,0.840909090909091,0.774193548387097,0.705882352941177,0.501724457489926,0.863636363636364,0.152434348077448,0.463567310676922,0.74477886977887,24,37,7,13,0,0
"cleveland_ncv_5x3_inner3_v1","cleveland_ncv_5x3_inner3_v1","Cleveland","svm",2,4,3,14240303,"svm_custo_10",10,0.814814814814815,0.756756756756757,0.863636363636364,0.823529411764706,0.788732394366197,0.626189507155579,0.896805896805897,0.133169244514815,0.41712551268014,0.81019656019656,28,38,6,9,0,0
"cleveland_ncv_5x3_inner3_v1","cleveland_ncv_5x3_inner3_v1","Cleveland","svm",2,5,1,14250101,"svm_custo_0.1",0.1,0.775,0.72972972972973,0.813953488372093,0.771428571428571,0.75,0.546437805553808,0.898805782526713,0.135092907824488,0.408511064729881,0.771841609050911,27,35,8,10,0,0
"cleveland_ncv_5x3_inner3_v1","cleveland_ncv_5x3_inner3_v1","Cleveland","svm",2,5,2,14250102,"svm_custo_0.1",0.1,0.790123456790123,0.810810810810811,0.772727272727273,0.75,0.779220779220779,0.581399268460645,0.885749385749386,0.14553638807441,0.446861832500203,0.791769041769042,30,34,10,7,0,0
"cleveland_ncv_5x3_inner3_v1","cleveland_ncv_5x3_inner3_v1","Cleveland","svm",2,5,3,14250103,"svm_custo_0.1",0.1,0.827160493827161,0.72972972972973,0.909090909090909,0.870967741935484,0.794117647058823,0.654696908142438,0.914619164619165,0.117212162000142,0.379517462905876,0.819410319410319,27,40,4,10,0,0
"cleveland_ncv_5x3_inner3_v1","cleveland_ncv_5x3_inner3_v1","Cleveland","svm",2,5,1,14250201,"svm_custo_1",1,0.775,0.72972972972973,0.813953488372093,0.771428571428571,0.75,0.546437805553808,0.886235072281584,0.13625325375363,0.408018588000135,0.771841609050911,27,35,8,10,0,0
"cleveland_ncv_5x3_inner3_v1","cleveland_ncv_5x3_inner3_v1","Cleveland","svm",2,5,2,14250202,"svm_custo_1",1,0.777777777777778,0.756756756756757,0.795454545454545,0.756756756756757,0.756756756756757,0.552211302211302,0.886977886977887,0.137265642683539,0.424584622325782,0.776105651105651,28,35,9,9,0,0
"cleveland_ncv_5x3_inner3_v1","cleveland_ncv_5x3_inner3_v1","Cleveland","svm",2,5,3,14250203,"svm_custo_1",1,0.876543209876543,0.837837837837838,0.909090909090909,0.885714285714286,0.861111111111111,0.751092519491191,0.92014742014742,0.110365723615306,0.361783059742665,0.873464373464373,31,40,4,6,0,0
"cleveland_ncv_5x3_inner3_v1","cleveland_ncv_5x3_inner3_v1","Cleveland","svm",2,5,1,14250301,"svm_custo_10",10,0.75,0.702702702702703,0.790697674418605,0.742857142857143,0.722222222222222,0.495900205040161,0.874921433060968,0.139491064282351,0.424575594033334,0.746700188560654,26,34,9,11,0,0
"cleveland_ncv_5x3_inner3_v1","cleveland_ncv_5x3_inner3_v1","Cleveland","svm",2,5,2,14250302,"svm_custo_10",10,0.790123456790123,0.783783783783784,0.795454545454545,0.763157894736842,0.773333333333333,0.578173878116645,0.905405405405405,0.128605815619967,0.40571134266625,0.789619164619165,29,35,9,8,0,0
"cleveland_ncv_5x3_inner3_v1","cleveland_ncv_5x3_inner3_v1","Cleveland","svm",2,5,3,14250303,"svm_custo_10",10,0.864197530864197,0.810810810810811,0.909090909090909,0.882352941176471,0.845070422535211,0.72662782414489,0.923832923832924,0.110129491481635,0.365235093133723,0.85995085995086,30,40,4,7,0,0
"cleveland_ncv_5x3_inner3_v1","cleveland_ncv_5x3_inner3_v1","Cleveland","svm",3,1,1,14310101,"svm_custo_0.1",0.1,0.777777777777778,0.756756756756757,0.795454545454545,0.756756756756757,0.756756756756757,0.552211302211302,0.886363636363636,0.139666956503715,0.431943690026536,0.776105651105651,28,35,9,9,0,0
"cleveland_ncv_5x3_inner3_v1","cleveland_ncv_5x3_inner3_v1","Cleveland","svm",3,1,2,14310102,"svm_custo_0.1",0.1,0.802469135802469,0.72972972972973,0.863636363636364,0.818181818181818,0.771428571428571,0.601550839912785,0.863022113022113,0.155991281226488,0.492155025433083,0.796683046683047,27,38,6,10,0,0
"cleveland_ncv_5x3_inner3_v1","cleveland_ncv_5x3_inner3_v1","Cleveland","svm",3,1,3,14310103,"svm_custo_0.1",0.1,0.85,0.783783783783784,0.906976744186046,0.878787878787879,0.828571428571429,0.699611119869482,0.942174732872407,0.104962623599135,0.34350877343413,0.845380263984915,29,39,4,8,0,0
"cleveland_ncv_5x3_inner3_v1","cleveland_ncv_5x3_inner3_v1","Cleveland","svm",3,1,1,14310201,"svm_custo_1",1,0.777777777777778,0.72972972972973,0.818181818181818,0.771428571428571,0.75,0.550965894232025,0.861179361179361,0.155644670825447,0.483178786342952,0.773955773955774,27,36,8,10,0,0
"cleveland_ncv_5x3_inner3_v1","cleveland_ncv_5x3_inner3_v1","Cleveland","svm",3,1,2,14310202,"svm_custo_1",1,0.777777777777778,0.648648648648649,0.886363636363636,0.827586206896552,0.727272727272727,0.555891820719915,0.863022113022113,0.154633666139052,0.474415209723461,0.767506142506142,24,39,5,13,0,0
"cleveland_ncv_5x3_inner3_v1","cleveland_ncv_5x3_inner3_v1","Cleveland","svm",3,1,3,14310203,"svm_custo_1",1,0.8375,0.810810810810811,0.86046511627907,0.833333333333333,0.821917808219178,0.672757540586995,0.93463230672533,0.115679615507695,0.381485677209165,0.83563796354494,30,37,6,7,0,0
"cleveland_ncv_5x3_inner3_v1","cleveland_ncv_5x3_inner3_v1","Cleveland","svm",3,1,1,14310301,"svm_custo_10",10,0.802469135802469,0.756756756756757,0.840909090909091,0.8,0.777777777777778,0.600997550546816,0.861793611793612,0.152879179748962,0.477983285862465,0.798832923832924,28,37,7,9,0,0
"cleveland_ncv_5x3_inner3_v1","cleveland_ncv_5x3_inner3_v1","Cleveland","svm",3,1,2,14310302,"svm_custo_10",10,0.790123456790123,0.675675675675676,0.886363636363636,0.833333333333333,0.746268656716418,0.579759906648298,0.851351351351351,0.155613549928845,0.479280786966944,0.781019656019656,25,39,5,12,0,0
"cleveland_ncv_5x3_inner3_v1","cleveland_ncv_5x3_inner3_v1","Cleveland","svm",3,1,3,14310303,"svm_custo_10",10,0.85,0.810810810810811,0.883720930232558,0.857142857142857,0.833333333333333,0.698050607094749,0.936517913262099,0.113810309795133,0.373058736937735,0.847265870521684,30,38,5,7,0,0
"cleveland_ncv_5x3_inner3_v1","cleveland_ncv_5x3_inner3_v1","Cleveland","svm",3,2,1,14320101,"svm_custo_0.1",0.1,0.851851851851852,0.756756756756757,0.931818181818182,0.903225806451613,0.823529411764706,0.705687725026608,0.933660933660934,0.111240206280137,0.348066869557565,0.844287469287469,28,41,3,9,0,0
"cleveland_ncv_5x3_inner3_v1","cleveland_ncv_5x3_inner3_v1","Cleveland","svm",3,2,2,14320102,"svm_custo_0.1",0.1,0.827160493827161,0.918918918918919,0.75,0.755555555555556,0.829268292682927,0.670568536513727,0.888206388206388,0.141838984062004,0.436375001341099,0.834459459459459,34,33,11,3,0,0
"cleveland_ncv_5x3_inner3_v1","cleveland_ncv_5x3_inner3_v1","Cleveland","svm",3,2,3,14320103,"svm_custo_0.1",0.1,0.876543209876543,0.815789473684211,0.930232558139535,0.911764705882353,0.861111111111111,0.754378482005788,0.952876376988984,0.0890842436701861,0.302213028445902,0.873011015911873,31,40,3,7,0,0
"cleveland_ncv_5x3_inner3_v1","cleveland_ncv_5x3_inner3_v1","Cleveland","svm",3,2,1,14320201,"svm_custo_1",1,0.802469135802469,0.675675675675676,0.909090909090909,0.862068965517241,0.757575757575758,0.607587845379288,0.915233415233415,0.130485549841152,0.398021629772027,0.792383292383292,25,40,4,12,0,0
"cleveland_ncv_5x3_inner3_v1","cleveland_ncv_5x3_inner3_v1","Cleveland","svm",3,2,2,14320202,"svm_custo_1",1,0.827160493827161,0.891891891891892,0.772727272727273,0.767441860465116,0.825,0.663397811370318,0.894963144963145,0.134078224020047,0.417603223193545,0.832309582309582,33,34,10,4,0,0
"cleveland_ncv_5x3_inner3_v1","cleveland_ncv_5x3_inner3_v1","Cleveland","svm",3,2,3,14320203,"svm_custo_1",1,0.876543209876543,0.789473684210526,0.953488372093023,0.9375,0.857142857142857,0.758437209151038,0.946756425948592,0.0967403771530135,0.328555164990685,0.871481028151775,30,41,2,8,0,0
"cleveland_ncv_5x3_inner3_v1","cleveland_ncv_5x3_inner3_v1","Cleveland","svm",3,2,1,14320301,"svm_custo_10",10,0.802469135802469,0.702702702702703,0.886363636363636,0.838709677419355,0.764705882352941,0.603706091258267,0.904176904176904,0.133604050652872,0.41235773910071,0.79453316953317,26,39,5,11,0,0
"cleveland_ncv_5x3_inner3_v1","cleveland_ncv_5x3_inner3_v1","Cleveland","svm",3,2,2,14320302,"svm_custo_10",10,0.827160493827161,0.891891891891892,0.772727272727273,0.767441860465116,0.825,0.663397811370318,0.902948402948403,0.135252431352379,0.431685159488775,0.832309582309582,33,34,10,4,0,0
"cleveland_ncv_5x3_inner3_v1","cleveland_ncv_5x3_inner3_v1","Cleveland","svm",3,2,3,14320303,"svm_custo_10",10,0.864197530864197,0.789473684210526,0.930232558139535,0.909090909090909,0.845070422535211,0.730976991255363,0.932680538555692,0.108054223883879,0.361397266301669,0.859853121175031,30,40,3,8,0,0
"cleveland_ncv_5x3_inner3_v1","cleveland_ncv_5x3_inner3_v1","Cleveland","svm",3,3,1,14330101,"svm_custo_0.1",0.1,0.8125,0.756756756756757,0.86046511627907,0.823529411764706,0.788732394366197,0.622526758287035,0.856065367693275,0.151283144535077,0.470786654318349,0.808610936517913,28,37,6,9,0,0
"cleveland_ncv_5x3_inner3_v1","cleveland_ncv_5x3_inner3_v1","Cleveland","svm",3,3,2,14330102,"svm_custo_0.1",0.1,0.851851851851852,0.810810810810811,0.886363636363636,0.857142857142857,0.833333333333333,0.701060863176399,0.951474201474201,0.0977863345918169,0.321285443218477,0.848587223587224,30,39,5,7,0,0
"cleveland_ncv_5x3_inner3_v1","cleveland_ncv_5x3_inner3_v1","Cleveland","svm",3,3,3,14330103,"svm_custo_0.1",0.1,0.839506172839506,0.810810810810811,0.863636363636364,0.833333333333333,0.821917808219178,0.676110425245246,0.886977886977887,0.136462797277391,0.432131366229844,0.837223587223587,30,38,6,7,0,0
"cleveland_ncv_5x3_inner3_v1","cleveland_ncv_5x3_inner3_v1","Cleveland","svm",3,3,1,14330201,"svm_custo_1",1,0.825,0.810810810810811,0.837209302325581,0.810810810810811,0.810810810810811,0.648020113136392,0.869893148962916,0.146208240035977,0.448397423101205,0.824010056568196,30,36,7,7,0,0
"cleveland_ncv_5x3_inner3_v1","cleveland_ncv_5x3_inner3_v1","Cleveland","svm",3,3,2,14330202,"svm_custo_1",1,0.839506172839506,0.783783783783784,0.886363636363636,0.852941176470588,0.816901408450704,0.676408665650234,0.943488943488944,0.104670472296512,0.334541731188849,0.83507371007371,29,39,5,8,0,0
"cleveland_ncv_5x3_inner3_v1","cleveland_ncv_5x3_inner3_v1","Cleveland","svm",3,3,3,14330203,"svm_custo_1",1,0.839506172839506,0.756756756756757,0.909090909090909,0.875,0.811594202898551,0.678467506036014,0.878992628992629,0.136002730905033,0.43813937948939,0.832923832923833,28,40,4,9,0,0
"cleveland_ncv_5x3_inner3_v1","cleveland_ncv_5x3_inner3_v1","Cleveland","svm",3,3,1,14330301,"svm_custo_10",10,0.8125,0.675675675675676,0.930232558139535,0.892857142857143,0.769230769230769,0.633375494824032,0.862979258328096,0.142397735322478,0.439861767157757,0.802954116907605,25,40,3,12,0,0
"cleveland_ncv_5x3_inner3_v1","cleveland_ncv_5x3_inner3_v1","Cleveland","svm",3,3,2,14330302,"svm_custo_10",10,0.851851851851852,0.783783783783784,0.909090909090909,0.878787878787879,0.828571428571429,0.702432036668345,0.933046683046683,0.114936154978552,0.379678983645206,0.846437346437346,29,40,4,8,0,0
"cleveland_ncv_5x3_inner3_v1","cleveland_ncv_5x3_inner3_v1","Cleveland","svm",3,3,3,14330303,"svm_custo_10",10,0.839506172839506,0.756756756756757,0.909090909090909,0.875,0.811594202898551,0.678467506036014,0.897420147420147,0.130783515593748,0.424311119331661,0.832923832923833,28,40,4,9,0,0
"cleveland_ncv_5x3_inner3_v1","cleveland_ncv_5x3_inner3_v1","Cleveland","svm",3,4,1,14340101,"svm_custo_0.1",0.1,0.8375,0.837837837837838,0.837209302325581,0.815789473684211,0.826666666666667,0.673988906027626,0.884978001257071,0.133617424754151,0.422069912142214,0.83752357008171,31,36,7,6,0,0
"cleveland_ncv_5x3_inner3_v1","cleveland_ncv_5x3_inner3_v1","Cleveland","svm",3,4,2,14340102,"svm_custo_0.1",0.1,0.765432098765432,0.702702702702703,0.818181818181818,0.764705882352941,0.732394366197183,0.525751190166268,0.923832923832924,0.116713417842105,0.350938325059309,0.76044226044226,26,36,8,11,0,0
"cleveland_ncv_5x3_inner3_v1","cleveland_ncv_5x3_inner3_v1","Cleveland","svm",3,4,3,14340103,"svm_custo_0.1",0.1,0.851851851851852,0.837837837837838,0.863636363636364,0.837837837837838,0.837837837837838,0.701474201474201,0.905405405405405,0.114380745721656,0.387332534260226,0.850737100737101,31,38,6,6,0,0
"cleveland_ncv_5x3_inner3_v1","cleveland_ncv_5x3_inner3_v1","Cleveland","svm",3,4,1,14340201,"svm_custo_1",1,0.8125,0.756756756756757,0.86046511627907,0.823529411764706,0.788732394366197,0.622526758287035,0.888120678818353,0.132145294509363,0.423296737946038,0.808610936517913,28,37,6,9,0,0
"cleveland_ncv_5x3_inner3_v1","cleveland_ncv_5x3_inner3_v1","Cleveland","svm",3,4,2,14340202,"svm_custo_1",1,0.790123456790123,0.675675675675676,0.886363636363636,0.833333333333333,0.746268656716418,0.579759906648298,0.923218673218673,0.122520473652868,0.372865563250086,0.781019656019656,25,39,5,12,0,0
"cleveland_ncv_5x3_inner3_v1","cleveland_ncv_5x3_inner3_v1","Cleveland","svm",3,4,3,14340203,"svm_custo_1",1,0.851851851851852,0.891891891891892,0.818181818181818,0.804878048780488,0.846153846153846,0.707471109832111,0.910933660933661,0.110107409026825,0.373111376484729,0.855036855036855,33,36,8,4,0,0
"cleveland_ncv_5x3_inner3_v1","cleveland_ncv_5x3_inner3_v1","Cleveland","svm",3,4,1,14340301,"svm_custo_10",10,0.7875,0.756756756756757,0.813953488372093,0.777777777777778,0.767123287671233,0.571969894057108,0.874921433060968,0.13766317010868,0.436035610295378,0.785355122564425,28,35,8,9,0,0
"cleveland_ncv_5x3_inner3_v1","cleveland_ncv_5x3_inner3_v1","Cleveland","svm",3,4,2,14340302,"svm_custo_10",10,0.814814814814815,0.702702702702703,0.909090909090909,0.866666666666667,0.776119402985075,0.63108291477782,0.916461916461916,0.12892038280154,0.398102377846902,0.805896805896806,26,40,4,11,0,0
"cleveland_ncv_5x3_inner3_v1","cleveland_ncv_5x3_inner3_v1","Cleveland","svm",3,4,3,14340303,"svm_custo_10",10,0.864197530864197,0.891891891891892,0.840909090909091,0.825,0.857142857142857,0.730115081340578,0.904791154791155,0.114729196169127,0.381759132457749,0.866400491400491,33,37,7,4,0,0
"cleveland_ncv_5x3_inner3_v1","cleveland_ncv_5x3_inner3_v1","Cleveland","svm",3,5,1,14350101,"svm_custo_0.1",0.1,0.839506172839506,0.783783783783784,0.886363636363636,0.852941176470588,0.816901408450704,0.676408665650234,0.941646191646192,0.112219362837234,0.369591956812782,0.83507371007371,29,39,5,8,0,0
"cleveland_ncv_5x3_inner3_v1","cleveland_ncv_5x3_inner3_v1","Cleveland","svm",3,5,2,14350102,"svm_custo_0.1",0.1,0.740740740740741,0.756756756756757,0.727272727272727,0.7,0.727272727272727,0.482255393207356,0.808968058968059,0.189863773946424,0.595125860896198,0.742014742014742,28,32,12,9,0,0
"cleveland_ncv_5x3_inner3_v1","cleveland_ncv_5x3_inner3_v1","Cleveland","svm",3,5,3,14350103,"svm_custo_0.1",0.1,0.777777777777778,0.648648648648649,0.886363636363636,0.827586206896552,0.727272727272727,0.555891820719915,0.858108108108108,0.145427630021058,0.4529933739899,0.767506142506142,24,39,5,13,0,0
"cleveland_ncv_5x3_inner3_v1","cleveland_ncv_5x3_inner3_v1","Cleveland","svm",3,5,1,14350201,"svm_custo_1",1,0.851851851851852,0.756756756756757,0.931818181818182,0.903225806451613,0.823529411764706,0.705687725026608,0.923832923832924,0.121800337677437,0.38979285929576,0.844287469287469,28,41,3,9,0,0
"cleveland_ncv_5x3_inner3_v1","cleveland_ncv_5x3_inner3_v1","Cleveland","svm",3,5,2,14350202,"svm_custo_1",1,0.740740740740741,0.783783783783784,0.704545454545455,0.69047619047619,0.734177215189873,0.486836329796382,0.842751842751843,0.16590917051218,0.523099985209868,0.744164619164619,29,31,13,8,0,0
"cleveland_ncv_5x3_inner3_v1","cleveland_ncv_5x3_inner3_v1","Cleveland","svm",3,5,3,14350203,"svm_custo_1",1,0.827160493827161,0.72972972972973,0.909090909090909,0.870967741935484,0.794117647058823,0.654696908142438,0.887592137592138,0.126144984872191,0.39505772978889,0.819410319410319,27,40,4,10,0,0
"cleveland_ncv_5x3_inner3_v1","cleveland_ncv_5x3_inner3_v1","Cleveland","svm",3,5,1,14350301,"svm_custo_10",10,0.876543209876543,0.810810810810811,0.931818181818182,0.909090909090909,0.857142857142857,0.752872635046125,0.944103194103194,0.117736220629725,0.388166722100739,0.871314496314496,30,41,3,7,0,0
"cleveland_ncv_5x3_inner3_v1","cleveland_ncv_5x3_inner3_v1","Cleveland","svm",3,5,2,14350302,"svm_custo_10",10,0.753086419753086,0.72972972972973,0.772727272727273,0.72972972972973,0.72972972972973,0.502457002457002,0.834152334152334,0.168334530568849,0.510090309893944,0.751228501228501,27,34,10,10,0,0
"cleveland_ncv_5x3_inner3_v1","cleveland_ncv_5x3_inner3_v1","Cleveland","svm",3,5,3,14350303,"svm_custo_10",10,0.790123456790123,0.675675675675676,0.886363636363636,0.833333333333333,0.746268656716418,0.579759906648298,0.871007371007371,0.138477620060397,0.434412686471572,0.781019656019656,25,39,5,12,0,0
